INSERT INTO card_set VALUES (1000000, true, 'Twitter', true, 'Porque o CAH não era mau que chegue.', 4);
INSERT INTO black_cards VALUES (1000001, 'No seu próximo filme, Nicolas Cage tem que superar o seu medo de ____.', 0, 1, NULL);
INSERT INTO card_set_black_card VALUES (1000000, 1000001);
INSERT INTO black_cards VALUES (1000002, 'Na próxima temporade de 24, Jack Bauer enfrenta a ameaça de ____.', 0, 1, NULL);
INSERT INTO card_set_black_card VALUES (1000000, 1000002);
INSERT INTO black_cards VALUES (1000003, 'O seminário sobre incêncios de hoje vai ser dado por ____.', 0, 1, NULL);
INSERT INTO card_set_black_card VALUES (1000000, 1000003);
INSERT INTO black_cards VALUES (1000004, 'Não queres estar num beco sozinho com ____.', 0, 1, NULL);
INSERT INTO card_set_black_card VALUES (1000000, 1000004);
INSERT INTO black_cards VALUES (1000005, '____ e ____ aos linguados atrás do pavilhão de Educação Física!', 0, 2, NULL);
INSERT INTO card_set_black_card VALUES (1000000, 1000005);
INSERT INTO black_cards VALUES (1000006, 'Acabei de receber um e-mail de spam de ____@____.pt.', 0, 2, NULL);
INSERT INTO card_set_black_card VALUES (1000000, 1000006);
INSERT INTO black_cards VALUES (1000007, 'With great ____ comes great responsibility.', 0, 1, NULL);
INSERT INTO card_set_black_card VALUES (1000000, 1000007);
INSERT INTO black_cards VALUES (1000008, 'It''s a bird! It''s a plane! No, it''s ____!', 0, 1, NULL);
INSERT INTO card_set_black_card VALUES (1000000, 1000008);
INSERT INTO black_cards VALUES (1000009, 'O Chapéu Seleccionador enfiou ____ em ____.', 0, 2, NULL);
INSERT INTO card_set_black_card VALUES (1000000, 1000009);
INSERT INTO black_cards VALUES (1000010, 'Na próxima temporada de Game of Thrones, o caldo é entornado graças à Casa ____.', 0, 1, NULL);
INSERT INTO card_set_black_card VALUES (1000000, 1000010);
INSERT INTO black_cards VALUES (1000011, 'Não consegues controlar ____.', 0, 1, NULL);
INSERT INTO card_set_black_card VALUES (1000000, 1000011);
INSERT INTO black_cards VALUES (1000012, 'A minha resolução para o ano novo é comer mais ____.', 0, 1, NULL);
INSERT INTO card_set_black_card VALUES (1000000, 1000012);
INSERT INTO black_cards VALUES (1000013, 'Fui acusado de estar envolvido com ____, mas ____ provou a minha inocência.', 0, 2, NULL);
INSERT INTO card_set_black_card VALUES (1000000, 1000013);
INSERT INTO black_cards VALUES (1000014, 'Nem os Norte Coreanos conseguem viver sem ____.', 0, 1, NULL);
INSERT INTO card_set_black_card VALUES (1000000, 1000014);
INSERT INTO black_cards VALUES (1000015, 'Embrulhar ____ com um laço continua a não fazer disso um bom presente.', 0, 1, NULL);
INSERT INTO card_set_black_card VALUES (1000000, 1000015);
INSERT INTO black_cards VALUES (1000016, 'Coisas que gritas quando tens um orgasmo: ____.', 0, 1, NULL);
INSERT INTO card_set_black_card VALUES (1000000, 1000016);
INSERT INTO black_cards VALUES (1000017, 'Pergunte ao seu médico ou farmaceutico se ____ é bom para si.', 0, 1, NULL);
INSERT INTO card_set_black_card VALUES (1000000, 1000017);
INSERT INTO black_cards VALUES (1000018, '____. Antes isso que trabalhar no McDonald''s.', 0, 1, NULL);
INSERT INTO card_set_black_card VALUES (1000000, 1000018);
INSERT INTO black_cards VALUES (1000019, '____. Antes trabalhar no McDonald''s que isso.', 0, 1, NULL);
INSERT INTO card_set_black_card VALUES (1000000, 1000019);
INSERT INTO black_cards VALUES (1000020, 'Dr. ____: or How I Learned to Stop Worrying and Love ____.', 0, 2, NULL);
INSERT INTO card_set_black_card VALUES (1000000, 1000020);
INSERT INTO black_cards VALUES (1000021, '9 em 10 dentistas recomendam ____.', 0, 1, NULL);
INSERT INTO card_set_black_card VALUES (1000000, 1000021);
INSERT INTO black_cards VALUES (1000022, 'Apanhei os meus pais a ____ com ____.', 0, 2, NULL);
INSERT INTO card_set_black_card VALUES (1000000, 1000022);
INSERT INTO black_cards VALUES (1000023, 'O que é a vida sem ____?', 0, 1, NULL);
INSERT INTO card_set_black_card VALUES (1000000, 1000023);
INSERT INTO black_cards VALUES (1000024, 'Não farias o download de ____.', 0, 1, NULL);
INSERT INTO card_set_black_card VALUES (1000000, 1000024);
INSERT INTO black_cards VALUES (1000025, '____: O pequeno almoço dos campeões.', 0, 1, NULL);
INSERT INTO card_set_black_card VALUES (1000000, 1000025);
INSERT INTO black_cards VALUES (1000026, 'Não, pai! O ____ não!', 0, 1, NULL);
INSERT INTO card_set_black_card VALUES (1000000, 1000026);
INSERT INTO black_cards VALUES (1000027, '____ é um dildo se fores suficientemente corajoso.', 0, 1, NULL);
INSERT INTO card_set_black_card VALUES (1000000, 1000027);
INSERT INTO black_cards VALUES (1000028, '____ é LITERALMENTE melhor que sexo!', 0, 1, NULL);
INSERT INTO card_set_black_card VALUES (1000000, 1000028);
INSERT INTO black_cards VALUES (1000029, 'Não é violação se gritares "____!".', 0, 1, NULL);
INSERT INTO card_set_black_card VALUES (1000000, 1000029);
INSERT INTO black_cards VALUES (1000030, 'Não fazia ideia que podias ordenhar ____...', 0, 1, NULL);
INSERT INTO card_set_black_card VALUES (1000000, 1000030);
INSERT INTO black_cards VALUES (1000031, '____? Eu ia lá.', 0, 1, NULL);
INSERT INTO card_set_black_card VALUES (1000000, 1000031);
INSERT INTO black_cards VALUES (1000032, '____ é o nome que Bill Clinton deu ao seu pénis.', 0, 1, NULL);
INSERT INTO card_set_black_card VALUES (1000000, 1000032);
INSERT INTO black_cards VALUES (1000033, 'Um(a) ____ por dia, nem sabe o bem que lhe fazia.', 0, 1, NULL);
INSERT INTO card_set_black_card VALUES (1000000, 1000033);
INSERT INTO black_cards VALUES (1000034, 'O prato do dia é ____ com ____.', 0, 2, NULL);
INSERT INTO card_set_black_card VALUES (1000000, 1000034);
INSERT INTO black_cards VALUES (1000035, 'Usei o tacto para ensinar a Helen Keller sobre ____.', 0, 1, NULL);
INSERT INTO card_set_black_card VALUES (1000000, 1000035);
INSERT INTO black_cards VALUES (1000036, 'I kissed ____ and I liked it.', 0, 1, NULL);
INSERT INTO card_set_black_card VALUES (1000000, 1000036);
INSERT INTO black_cards VALUES (1000037, 'Adoro o cheiro a ____ de manhã.', 0, 1, NULL);
INSERT INTO card_set_black_card VALUES (1000000, 1000037);
INSERT INTO black_cards VALUES (1000038, 'Nem Jesus pode perdoar ____.', 0, 1, NULL);
INSERT INTO card_set_black_card VALUES (1000000, 1000038);
INSERT INTO black_cards VALUES (1000039, 'Peru recheado com ____.', 0, 1, NULL);
INSERT INTO card_set_black_card VALUES (1000000, 1000039);
INSERT INTO black_cards VALUES (1000040, '____ + ____ = Paz Mundial.', 0, 2, NULL);
INSERT INTO card_set_black_card VALUES (1000000, 1000040);
INSERT INTO black_cards VALUES (1000041, 'May the ____ be with you.', 0, 1, NULL);
INSERT INTO card_set_black_card VALUES (1000000, 1000041);
INSERT INTO black_cards VALUES (1000042, '____? Make it so.', 0, 1, NULL);
INSERT INTO card_set_black_card VALUES (1000000, 1000042);
INSERT INTO black_cards VALUES (1000043, 'Nunca fui bom a ____ no secundário. Mas na universidade tornei-me especialista.', 0, 1, NULL);
INSERT INTO card_set_black_card VALUES (1000000, 1000043);
INSERT INTO black_cards VALUES (1000044, 'E atrás da porta número 3: ____!', 0, 1, NULL);
INSERT INTO card_set_black_card VALUES (1000000, 1000044);
INSERT INTO black_cards VALUES (1000045, 'Mas esta montra final não estaria completa sem ____!', 0, 1, NULL);
INSERT INTO card_set_black_card VALUES (1000000, 1000045);
INSERT INTO black_cards VALUES (1000046, 'Tenho vergonha de admitir que troquei favores sexuais por ____.', 0, 1, NULL);
INSERT INTO card_set_black_card VALUES (1000000, 1000046);
INSERT INTO black_cards VALUES (1000047, 'Juntava-me ao Estado Islâmico por ____.', 0, 1, NULL);
INSERT INTO card_set_black_card VALUES (1000000, 1000047);
INSERT INTO black_cards VALUES (1000048, 'O meu Pokémon favorito é ____.', 0, 1, NULL);
INSERT INTO card_set_black_card VALUES (1000000, 1000048);
INSERT INTO black_cards VALUES (1000049, '____? ____ ajuda com isso.', 0, 2, NULL);
INSERT INTO card_set_black_card VALUES (1000000, 1000049);
INSERT INTO black_cards VALUES (1000050, 'Um dos meus sonhos recorrentes é uma threesome com ____ e ____.', 0, 2, NULL);
INSERT INTO card_set_black_card VALUES (1000000, 1000050);
INSERT INTO black_cards VALUES (1000051, '____: Clinicamente testado.', 0, 1, NULL);
INSERT INTO card_set_black_card VALUES (1000000, 1000051);
INSERT INTO black_cards VALUES (1000052, 'Fode: ____ Casa: ____ Mata: ____', 0, 3, NULL);
INSERT INTO card_set_black_card VALUES (1000000, 1000052);
INSERT INTO black_cards VALUES (1000053, 'Se isto fosse a Índia, ____ era uma vaca.', 0, 1, NULL);
INSERT INTO card_set_black_card VALUES (1000000, 1000053);
INSERT INTO black_cards VALUES (1000054, 'Estou com desejos de ____.', 0, 1, NULL);
INSERT INTO card_set_black_card VALUES (1000000, 1000054);
INSERT INTO black_cards VALUES (1000055, 'Whitney Houston vai sempre amar ____.', 0, 1, NULL);
INSERT INTO card_set_black_card VALUES (1000000, 1000055);
INSERT INTO black_cards VALUES (1000056, 'Instruções confusas. Penis preso em ____.', 0, 1, NULL);
INSERT INTO card_set_black_card VALUES (1000000, 1000056);
INSERT INTO black_cards VALUES (1000057, 'Cientistas anunciam cura para a SIDA: ____.', 0, 1, NULL);
INSERT INTO card_set_black_card VALUES (1000000, 1000057);
INSERT INTO black_cards VALUES (1000058, '____: Maior por dentro.', 0, 1, NULL);
INSERT INTO card_set_black_card VALUES (1000000, 1000058);
INSERT INTO black_cards VALUES (1000059, '____. That''s how we roll in the Shire.', 0, 1, NULL);
INSERT INTO card_set_black_card VALUES (1000000, 1000059);
INSERT INTO black_cards VALUES (1000060, 'You have my sword. And my bow. And my ____!', 0, 1, NULL);
INSERT INTO card_set_black_card VALUES (1000000, 1000060);
INSERT INTO black_cards VALUES (1000061, 'Na sua nova aventura, a Anita envolve-se com ____.', 0, 1, NULL);
INSERT INTO card_set_black_card VALUES (1000000, 1000061);
INSERT INTO black_cards VALUES (1000062, '____: Connecting people.', 0, 1, NULL);
INSERT INTO card_set_black_card VALUES (1000000, 1000062);
INSERT INTO black_cards VALUES (1000063, 'Enchi o meu disco de 4TB com fotografias de ____.', 0, 1, NULL);
INSERT INTO card_set_black_card VALUES (1000000, 1000063);
INSERT INTO black_cards VALUES (1000064, 'Querido Deus, obrigado por ____.', 0, 1, NULL);
INSERT INTO card_set_black_card VALUES (1000000, 1000064);
INSERT INTO black_cards VALUES (1000065, 'O nome do meu próximo filho vai ser ____.', 0, 1, NULL);
INSERT INTO card_set_black_card VALUES (1000000, 1000065);
INSERT INTO black_cards VALUES (1000066, 'Disney apresenta: ____ on ice!', 0, 1, NULL);
INSERT INTO card_set_black_card VALUES (1000000, 1000066);
INSERT INTO black_cards VALUES (1000067, 'Quando for grande quero ser ____.', 0, 1, NULL);
INSERT INTO card_set_black_card VALUES (1000000, 1000067);
INSERT INTO black_cards VALUES (1000068, 'José Sócrates deixa cair o sabonete. Quem se aproveita da situação?', 0, 1, NULL);
INSERT INTO card_set_black_card VALUES (1000000, 1000068);
INSERT INTO black_cards VALUES (1000069, 'Foi o país e o mundo, e ____.', 0, 1, NULL);
INSERT INTO card_set_black_card VALUES (1000000, 1000069);
INSERT INTO black_cards VALUES (1000070, 'Bonito bonito, é/são ____ a bater no pito.', 0, 1, NULL);
INSERT INTO card_set_black_card VALUES (1000000, 1000070);
INSERT INTO black_cards VALUES (1000071, '50 Shades of ____.', 0, 1, NULL);
INSERT INTO card_set_black_card VALUES (1000000, 1000071);
INSERT INTO black_cards VALUES (1000072, 'GOOD NEWS! IT''S ____!', 0, 1, NULL);
INSERT INTO card_set_black_card VALUES (1000000, 1000072);
INSERT INTO black_cards VALUES (1000073, 'Gosto de usar ____ como bondage.', 0, 1, NULL);
INSERT INTO card_set_black_card VALUES (1000000, 1000073);
INSERT INTO black_cards VALUES (1000074, 'A minha coisa preferida de procurar no google é ____.', 0, 1, NULL);
INSERT INTO card_set_black_card VALUES (1000000, 1000074);
INSERT INTO black_cards VALUES (1000075, 'Acabei de tatuar ____ no meu pénis.', 0, 1, NULL);
INSERT INTO card_set_black_card VALUES (1000000, 1000075);
INSERT INTO black_cards VALUES (1000076, 'Monologos da ____.', 0, 1, NULL);
INSERT INTO card_set_black_card VALUES (1000000, 1000076);
INSERT INTO black_cards VALUES (1000077, 'Ensaio sobre ____.', 0, 1, NULL);
INSERT INTO card_set_black_card VALUES (1000000, 1000077);
INSERT INTO black_cards VALUES (1000078, '____. Derrete-se na boca.', 0, 1, NULL);
INSERT INTO card_set_black_card VALUES (1000000, 1000078);
INSERT INTO black_cards VALUES (1000079, 'Que faria ____?', 0, 1, NULL);
INSERT INTO card_set_black_card VALUES (1000000, 1000079);
INSERT INTO black_cards VALUES (1000080, 'Quem tem fome, até ____ come.', 0, 1, NULL);
INSERT INTO card_set_black_card VALUES (1000000, 1000080);
INSERT INTO black_cards VALUES (1000081, 'No meu último turno, tirei uma radiografia a uma pessoa que tinha ____ enfiado no cu.', 0, 1, NULL);
INSERT INTO card_set_black_card VALUES (1000000, 1000081);
INSERT INTO black_cards VALUES (1000082, 'Nova cor da Crayola: ____.', 0, 1, NULL);
INSERT INTO card_set_black_card VALUES (1000000, 1000082);
INSERT INTO black_cards VALUES (1000083, '____ : podes usar como papel higiénico.', 0, 1, NULL);
INSERT INTO card_set_black_card VALUES (1000000, 1000083);
INSERT INTO black_cards VALUES (1000084, 'Ok, eu admito. Virava completamente gay por ____.', 0, 1, NULL);
INSERT INTO card_set_black_card VALUES (1000000, 1000084);
INSERT INTO black_cards VALUES (1000085, 'It''s okay to be ____ .', 0, 1, NULL);
INSERT INTO card_set_black_card VALUES (1000000, 1000085);
INSERT INTO black_cards VALUES (1000086, 'Agora enfrenta o meu ataque extremo: ____ !!', 0, 1, NULL);
INSERT INTO card_set_black_card VALUES (1000000, 1000086);
INSERT INTO black_cards VALUES (1000087, 'A wild ____ appears!', 0, 1, NULL);
INSERT INTO card_set_black_card VALUES (1000000, 1000087);
INSERT INTO black_cards VALUES (1000088, '____ quer andar à porada!', 0, 1, NULL);
INSERT INTO card_set_black_card VALUES (1000000, 1000088);
INSERT INTO black_cards VALUES (1000089, 'Hoje, no Prós e Contras: ____', 0, 1, NULL);
INSERT INTO card_set_black_card VALUES (1000000, 1000089);
INSERT INTO black_cards VALUES (1000090, 'Esta noite, o Professor Marcelo vai dar a sua opinião sobre ____.', 0, 1, NULL);
INSERT INTO card_set_black_card VALUES (1000000, 1000090);
INSERT INTO black_cards VALUES (1000091, 'No último episódio, o Doraemon tirou ____ da bolsa mágica.', 0, 1, NULL);
INSERT INTO card_set_black_card VALUES (1000000, 1000091);
INSERT INTO black_cards VALUES (1000092, 'Hoje, o almoço na cantina do Técnico é ____ no forno.', 0, 1, NULL);
INSERT INTO card_set_black_card VALUES (1000000, 1000092);
INSERT INTO black_cards VALUES (1000093, '____? Que corta tesão.', 0, 1, NULL);
INSERT INTO card_set_black_card VALUES (1000000, 1000093);
INSERT INTO black_cards VALUES (1000094, 'O Malato já foi muito feliz a ____.', 0, 1, NULL);
INSERT INTO card_set_black_card VALUES (1000000, 1000094);
INSERT INTO black_cards VALUES (1000095, 'Captain ____, of the USS ____.', 0, 2, NULL);
INSERT INTO card_set_black_card VALUES (1000000, 1000095);
INSERT INTO black_cards VALUES (1000096, 'Nova exposição no CCB: ____', 0, 1, NULL);
INSERT INTO card_set_black_card VALUES (1000000, 1000096);
INSERT INTO black_cards VALUES (1000097, 'Tenho um sapo de louça à porta de casa para afastar ____.', 0, 1, NULL);
INSERT INTO card_set_black_card VALUES (1000000, 1000097);
INSERT INTO black_cards VALUES (1000098, 'A Maia tem uma carta com uma gravura de ____.', 0, 1, NULL);
INSERT INTO card_set_black_card VALUES (1000000, 1000098);
INSERT INTO black_cards VALUES (1000099, 'No meu último sonho erótico, estava numa sauna com ____.', 0, 1, NULL);
INSERT INTO card_set_black_card VALUES (1000000, 1000099);
INSERT INTO black_cards VALUES (1000100, 'Nas marchas populares deste ano, os padrinhos da Mouraria vão ser ____ e ____.', 0, 2, NULL);
INSERT INTO card_set_black_card VALUES (1000000, 1000100);
INSERT INTO black_cards VALUES (1000101, 'A Lili Caneças postou no Instagram uma selfie com ____.', 0, 1, NULL);
INSERT INTO card_set_black_card VALUES (1000000, 1000101);
INSERT INTO black_cards VALUES (1000102, 'O Titanic tinha sido muito melhor se em vez de Jack e Rose, tivéssemos ____ e ____.', 0, 2, NULL);
INSERT INTO card_set_black_card VALUES (1000000, 1000102);
INSERT INTO black_cards VALUES (1000103, 'Captain Kirk is climbing a mountain, why is he climbing a mountain?', 0, 1, NULL);
INSERT INTO card_set_black_card VALUES (1000000, 1000103);
INSERT INTO black_cards VALUES (1000104, 'A melhor forma de matar judeus é ____.', 0, 1, NULL);
INSERT INTO card_set_black_card VALUES (1000000, 1000104);
INSERT INTO black_cards VALUES (1000105, '____ todo nu só de meias.', 0, 1, NULL);
INSERT INTO card_set_black_card VALUES (1000000, 1000105);
INSERT INTO black_cards VALUES (1000106, 'O Professor Marcelo mostrou um livro com o título:"____".', 0, 1, NULL);
INSERT INTO card_set_black_card VALUES (1000000, 1000106);
INSERT INTO black_cards VALUES (1000107, '"Como ____ para totós."', 0, 1, NULL);
INSERT INTO card_set_black_card VALUES (1000000, 1000107);
INSERT INTO black_cards VALUES (1000108, 'Porque é que os meus peidos cheiram a ____?', 0, 1, NULL);
INSERT INTO card_set_black_card VALUES (1000000, 1000108);
INSERT INTO black_cards VALUES (1000109, 'A garantia cobre tudo menos ____ e ____.', 0, 2, NULL);
INSERT INTO card_set_black_card VALUES (1000000, 1000109);
INSERT INTO black_cards VALUES (1000110, 'Há rumores que existe uma sala secreta no Vaticano dedicada a ____.', 0, 1, NULL);
INSERT INTO card_set_black_card VALUES (1000000, 1000110);
INSERT INTO black_cards VALUES (1000111, 'E o Oscar de melhor ____ vai para... ____!', 0, 2, NULL);
INSERT INTO card_set_black_card VALUES (1000000, 1000111);
INSERT INTO black_cards VALUES (1000112, 'Na minha terra ____ quer dizer olá.', 0, 1, NULL);
INSERT INTO card_set_black_card VALUES (1000000, 1000112);
INSERT INTO black_cards VALUES (1000113, 'Diz-se que a iguaria preferida de Putin é ____ recheado com ____.', 0, 2, NULL);
INSERT INTO card_set_black_card VALUES (1000000, 1000113);
INSERT INTO black_cards VALUES (1000114, 'Porque é que não encontro um trabalho que use as minhas capacidades como ____?', 0, 1, NULL);
INSERT INTO card_set_black_card VALUES (1000000, 1000114);
INSERT INTO black_cards VALUES (1000115, 'Roubei a Enterprise para ir buscar ____.', 0, 1, NULL);
INSERT INTO card_set_black_card VALUES (1000000, 1000115);
INSERT INTO black_cards VALUES (1000116, 'Diz-se que ____ consegue fazer a Kessel Run em 12 parsecs.', 0, 1, NULL);
INSERT INTO card_set_black_card VALUES (1000000, 1000116);
INSERT INTO black_cards VALUES (1000117, 'O meu fetiche preferido é ____.', 0, 1, NULL);
INSERT INTO card_set_black_card VALUES (1000000, 1000117);
INSERT INTO black_cards VALUES (1000118, 'Quando fores ao café do Aires, nunca comas ____.', 0, 1, NULL);
INSERT INTO card_set_black_card VALUES (1000000, 1000118);
INSERT INTO black_cards VALUES (1000119, '____ é definitivamente o sentido da vida.', 0, 1, NULL);
INSERT INTO card_set_black_card VALUES (1000000, 1000119);
INSERT INTO black_cards VALUES (1000120, '___ + ___ = ___', 0, 2, NULL);
INSERT INTO card_set_black_card VALUES (1000000, 1000120);
INSERT INTO black_cards VALUES (1000121, 'Não sei como, mas acabei a noite com ____ enfiado no cu.', 0, 1, NULL);
INSERT INTO card_set_black_card VALUES (1000000, 1000121);
INSERT INTO black_cards VALUES (1000122, 'Enquanto andei em Hogwarts descobri que o meu Patronus é ____.', 0, 1, NULL);
INSERT INTO card_set_black_card VALUES (1000000, 1000122);
INSERT INTO black_cards VALUES (1000123, 'Na rúbrica de hoje, Paula Bobone ensina como ____.', 0, 1, NULL);
INSERT INTO card_set_black_card VALUES (1000000, 1000123);
INSERT INTO black_cards VALUES (1000124, 'Para entrar na Matrix, o Neo tem que enfiar ____.', 0, 1, NULL);
INSERT INTO card_set_black_card VALUES (1000000, 1000124);
INSERT INTO black_cards VALUES (1000125, 'Estreia no Canal História: um documentário sobre ____.', 0, 1, NULL);
INSERT INTO card_set_black_card VALUES (1000000, 1000125);
INSERT INTO black_cards VALUES (1000126, 'O(A) ____ é o meu médico de família.', 0, 1, NULL);
INSERT INTO card_set_black_card VALUES (1000000, 1000126);
INSERT INTO black_cards VALUES (1000127, 'Na última romaria a Évora, os apoiantes de José Sócrates levaram ____.', 0, 1, NULL);
INSERT INTO card_set_black_card VALUES (1000000, 1000127);
INSERT INTO black_cards VALUES (1000128, '#JeSuis____', 0, 1, NULL);
INSERT INTO card_set_black_card VALUES (1000000, 1000128);
INSERT INTO black_cards VALUES (1000129, 'Li um artigo sobre a transformada de ____, um novo conceito matemático.', 0, 1, NULL);
INSERT INTO card_set_black_card VALUES (1000000, 1000129);
INSERT INTO black_cards VALUES (1000130, 'Ouvi dizer que o Bill Gates ia dar toda a sua fortuna para o estudo de ____.', 0, 1, NULL);
INSERT INTO card_set_black_card VALUES (1000000, 1000130);
INSERT INTO black_cards VALUES (1000131, 'Feliz ____ e um bom ____!', 0, 2, NULL);
INSERT INTO card_set_black_card VALUES (1000000, 1000131);
INSERT INTO black_cards VALUES (1000132, 'O maior feito da humanidade foi ____.', 0, 1, NULL);
INSERT INTO card_set_black_card VALUES (1000000, 1000132);
INSERT INTO black_cards VALUES (1000133, 'Perdi a minha virgindade com ____.', 0, 1, NULL);
INSERT INTO card_set_black_card VALUES (1000000, 1000133);
INSERT INTO black_cards VALUES (1000134, 'Olha aqui este subreddit: /r/____.', 0, 1, NULL);
INSERT INTO card_set_black_card VALUES (1000000, 1000134);
INSERT INTO black_cards VALUES (1000135, 'A minha mãe sempre me disse para não ____ com estranhos.', 0, 1, NULL);
INSERT INTO card_set_black_card VALUES (1000000, 1000135);
INSERT INTO black_cards VALUES (1000136, 'O jantar vai ser ____. Para sempre.', 0, 1, NULL);
INSERT INTO card_set_black_card VALUES (1000000, 1000136);
INSERT INTO black_cards VALUES (1000137, 'Até ter descoberto ____ a minha vida não fazia sentido.', 0, 1, NULL);
INSERT INTO card_set_black_card VALUES (1000000, 1000137);
INSERT INTO black_cards VALUES (1000138, 'Assinei um acordo de ____ com ____.', 0, 2, NULL);
INSERT INTO card_set_black_card VALUES (1000000, 1000138);
INSERT INTO black_cards VALUES (1000139, 'A mulher do ____ era vitima de ____ diariamente.', 0, 2, NULL);
INSERT INTO card_set_black_card VALUES (1000000, 1000139);
INSERT INTO black_cards VALUES (1000140, 'Os estudantes universitários têm acesso gratuito a ____.', 0, 1, NULL);
INSERT INTO card_set_black_card VALUES (1000000, 1000140);
INSERT INTO black_cards VALUES (1000141, 'Um dia, ____ há de regressar num dia de nevoeiro.', 0, 1, NULL);
INSERT INTO card_set_black_card VALUES (1000000, 1000141);
INSERT INTO black_cards VALUES (1000142, 'A minha infância mudou quando vi ____ pela primeira vez no Panda.', 0, 1, NULL);
INSERT INTO card_set_black_card VALUES (1000000, 1000142);
INSERT INTO black_cards VALUES (1000143, 'Quando era adolescente achava que ____ atraía o sexo oposto.', 0, 1, NULL);
INSERT INTO card_set_black_card VALUES (1000000, 1000143);
INSERT INTO black_cards VALUES (1000144, 'O Nuno Melo está emocionado com ____.', 0, 1, NULL);
INSERT INTO card_set_black_card VALUES (1000000, 1000144);
INSERT INTO black_cards VALUES (1000145, 'No seu último álbum, Kanye West canta ao som de ____.', 0, 1, NULL);
INSERT INTO card_set_black_card VALUES (1000000, 1000145);
INSERT INTO black_cards VALUES (1000146, 'Encontrei o(a) ____ uma marcha da ILGA.', 0, 1, NULL);
INSERT INTO card_set_black_card VALUES (1000000, 1000146);
INSERT INTO black_cards VALUES (1000147, 'Aconteca o que acontecer, nunca metas ____ numa liquidificadora.', 0, 1, NULL);
INSERT INTO card_set_black_card VALUES (1000000, 1000147);
INSERT INTO black_cards VALUES (1000148, 'Amor. Intriga. Alexandra Lencastre. ____, a nova novela da TVI.', 0, 1, NULL);
INSERT INTO card_set_black_card VALUES (1000000, 1000148);
INSERT INTO black_cards VALUES (1000149, 'São horas de ____.', 0, 1, NULL);
INSERT INTO card_set_black_card VALUES (1000000, 1000149);
INSERT INTO black_cards VALUES (1000150, 'Uma vez ouvi o(a) ____ a cantar. Ia morrendo.', 0, 1, NULL);
INSERT INTO card_set_black_card VALUES (1000000, 1000150);
INSERT INTO black_cards VALUES (1000151, 'Os russos elegeram ____ com 140% dos votos.', 0, 1, NULL);
INSERT INTO card_set_black_card VALUES (1000000, 1000151);
INSERT INTO black_cards VALUES (1000152, 'Esta saiu com ____ hehehehe!', 0, 1, NULL);
INSERT INTO card_set_black_card VALUES (1000000, 1000152);
INSERT INTO black_cards VALUES (1000153, 'Harry Potter e a Câmara dos ____.', 0, 1, NULL);
INSERT INTO card_set_black_card VALUES (1000000, 1000153);
INSERT INTO black_cards VALUES (1000154, 'Dizem que em Tires se troca ____ por 10 maços de tabaco.', 0, 1, NULL);
INSERT INTO card_set_black_card VALUES (1000000, 1000154);
INSERT INTO black_cards VALUES (1000155, 'O Pai Natal agora dá ____ às crianças que se portam mal.', 0, 1, NULL);
INSERT INTO card_set_black_card VALUES (1000000, 1000155);
INSERT INTO black_cards VALUES (1000156, 'Michael Jackson pensou em ____ antes de morrer.', 0, 1, NULL);
INSERT INTO card_set_black_card VALUES (1000000, 1000156);
INSERT INTO black_cards VALUES (1000157, 'Por causa de ____, a visita de estudo correu horrivelmente mal.', 0, 1, NULL);
INSERT INTO card_set_black_card VALUES (1000000, 1000157);
INSERT INTO black_cards VALUES (1000158, '____. It''s a trap!', 0, 1, NULL);
INSERT INTO card_set_black_card VALUES (1000000, 1000158);
INSERT INTO black_cards VALUES (1000159, 'Estou sempre a pensar em ____ enquanto pratico o acto sexual.', 0, 1, NULL);
INSERT INTO card_set_black_card VALUES (1000000, 1000159);
INSERT INTO black_cards VALUES (1000160, 'Qual é o meu poder secreto?', 0, 1, NULL);
INSERT INTO card_set_black_card VALUES (1000000, 1000160);
INSERT INTO black_cards VALUES (1000161, 'Qual é o melhor amigo de uma mulher?', 0, 1, NULL);
INSERT INTO card_set_black_card VALUES (1000000, 1000161);
INSERT INTO black_cards VALUES (1000162, 'O que é que os meus pais me estão a esconder?', 0, 1, NULL);
INSERT INTO card_set_black_card VALUES (1000000, 1000162);
INSERT INTO black_cards VALUES (1000163, '____ deixa sempre uma festa mais animada.', 0, 1, NULL);
INSERT INTO card_set_black_card VALUES (1000000, 1000163);
INSERT INTO black_cards VALUES (1000164, '____: bom até à última gota.', 0, 1, NULL);
INSERT INTO card_set_black_card VALUES (1000000, 1000164);
INSERT INTO black_cards VALUES (1000165, 'Que barulho é este?', 0, 1, NULL);
INSERT INTO card_set_black_card VALUES (1000000, 1000165);
INSERT INTO black_cards VALUES (1000166, 'Que cheiro é este?', 0, 1, NULL);
INSERT INTO card_set_black_card VALUES (1000000, 1000166);
INSERT INTO black_cards VALUES (1000167, 'Qual é o próximo brinde do Happy Meal?', 0, 1, NULL);
INSERT INTO card_set_black_card VALUES (1000000, 1000167);
INSERT INTO black_cards VALUES (1000168, '____: testado em crianças, aprovado pelas mães.', 0, 1, NULL);
INSERT INTO card_set_black_card VALUES (1000000, 1000168);
INSERT INTO black_cards VALUES (1000169, 'A seguir na EuroSport: Campeonato Mundial de ____.', 0, 1, NULL);
INSERT INTO card_set_black_card VALUES (1000000, 1000169);
INSERT INTO black_cards VALUES (1000170, 'Quando for milionário vou construir uma estátua de ____ com 50 metros de altura.', 0, 1, NULL);
INSERT INTO card_set_black_card VALUES (1000000, 1000170);
INSERT INTO black_cards VALUES (1000171, 'De regresso à RTP1: 24 Horas de ____.', 0, 1, NULL);
INSERT INTO card_set_black_card VALUES (1000000, 1000171);
INSERT INTO black_cards VALUES (1000172, 'O que é que me dá gases incontroláveis?', 0, 1, NULL);
INSERT INTO card_set_black_card VALUES (1000000, 1000172);
INSERT INTO black_cards VALUES (1000173, 'A que cheiram os idosos?', 0, 1, NULL);
INSERT INTO card_set_black_card VALUES (1000000, 1000173);
INSERT INTO black_cards VALUES (1000174, 'Tive que ir à secretaria do Técnico pedir ____.', 0, 1, NULL);
INSERT INTO card_set_black_card VALUES (1000000, 1000174);
INSERT INTO black_cards VALUES (1000175, 'Castello Lopes Filmes apresenta ____: a história de ____.', 0, 2, NULL);
INSERT INTO card_set_black_card VALUES (1000000, 1000175);
INSERT INTO black_cards VALUES (1000176, 'Este ano com ____ é que vamos ganhar a Eurovisão.', 0, 1, NULL);
INSERT INTO card_set_black_card VALUES (1000000, 1000176);
INSERT INTO black_cards VALUES (1000177, 'Qual é o prazer secreto do Batman?', 0, 1, NULL);
INSERT INTO card_set_black_card VALUES (1000000, 1000177);
INSERT INTO black_cards VALUES (1000178, 'A última modelo da Victoria''s Secret: ____.', 0, 1, NULL);
INSERT INTO card_set_black_card VALUES (1000000, 1000178);
INSERT INTO black_cards VALUES (1000179, 'O filho do Jorge Perestrello entra no filme ____.', 0, 1, NULL);
INSERT INTO card_set_black_card VALUES (1000000, 1000179);
INSERT INTO black_cards VALUES (1000180, '____ já foi/foram visitar o Sócrates à prisão.', 0, 1, NULL);
INSERT INTO card_set_black_card VALUES (1000000, 1000180);
INSERT INTO black_cards VALUES (1000181, '2001: Odisseia no ____.', 0, 1, NULL);
INSERT INTO card_set_black_card VALUES (1000000, 1000181);
INSERT INTO black_cards VALUES (1000182, 'Para provar que sou um feiticeiro, vou trazer ____ de volta do passado.', 0, 1, NULL);
INSERT INTO card_set_black_card VALUES (1000000, 1000182);
INSERT INTO black_cards VALUES (1000183, 'Enganei-me! A poção Polisuco tinha cabelos de ____!', 0, 1, NULL);
INSERT INTO card_set_black_card VALUES (1000000, 1000183);
INSERT INTO black_cards VALUES (1000184, 'Apesar de serem irmãos, ____ e ____ entram no novo filme da HotGold.', 0, 2, NULL);
INSERT INTO card_set_black_card VALUES (1000000, 1000184);
INSERT INTO black_cards VALUES (1000185, 'Quando era jovem, Paula Rego ganhava a vida a pintar ____.', 0, 1, NULL);
INSERT INTO card_set_black_card VALUES (1000000, 1000185);
INSERT INTO black_cards VALUES (1000186, 'Ouvi dizer que o Tom Cruise comia ____.', 0, 1, NULL);
INSERT INTO card_set_black_card VALUES (1000000, 1000186);
INSERT INTO black_cards VALUES (1000187, 'Porque é que não consigo dormir?', 0, 1, NULL);
INSERT INTO card_set_black_card VALUES (1000000, 1000187);
INSERT INTO black_cards VALUES (1000188, 'Pai, porque é que a mãe está a chorar?', 0, 1, NULL);
INSERT INTO card_set_black_card VALUES (1000000, 1000188);
INSERT INTO black_cards VALUES (1000189, 'Um jantar romântico estaria incompleto sem ____.', 0, 1, NULL);
INSERT INTO card_set_black_card VALUES (1000000, 1000189);
INSERT INTO black_cards VALUES (1000190, 'Devido a ____, o tempo de espera na linha vermelha poderá ser superior ao normal.', 0, 1, NULL);
INSERT INTO card_set_black_card VALUES (1000000, 1000190);
INSERT INTO black_cards VALUES (1000191, 'Porque é que me dói o corpo?', 0, 1, NULL);
INSERT INTO card_set_black_card VALUES (1000000, 1000191);
INSERT INTO black_cards VALUES (1000192, 'Estreia em breve ____, o novo musical de Filipe La Féria.', 0, 1, NULL);
INSERT INTO card_set_black_card VALUES (1000000, 1000192);
INSERT INTO black_cards VALUES (1000193, 'Hoje em House MD: a luta pela vida de uma paciente com ____.', 0, 1, NULL);
INSERT INTO card_set_black_card VALUES (1000000, 1000193);
INSERT INTO black_cards VALUES (1000194, 'No próximo episódio, Goku terá que lutar contra ____.', 0, 1, NULL);
INSERT INTO card_set_black_card VALUES (1000000, 1000194);
INSERT INTO black_cards VALUES (1000195, 'O que é que está na tua lista de coisas a fazer antes de morrer?', 0, 1, NULL);
INSERT INTO card_set_black_card VALUES (1000000, 1000195);
INSERT INTO black_cards VALUES (1000196, '____ é o herói que merecemos mas não o que precisamos agora.', 0, 1, NULL);
INSERT INTO card_set_black_card VALUES (1000000, 1000196);
INSERT INTO black_cards VALUES (1000197, 'Em Her, Joaquin Phoenix apaixona-se por ____.', 0, 1, NULL);
INSERT INTO card_set_black_card VALUES (1000000, 1000197);
INSERT INTO black_cards VALUES (1000198, 'Em Star Trek: First Contact, Jean-Luc Picard vence os Borg usando ____.', 0, 1, NULL);
INSERT INTO card_set_black_card VALUES (1000000, 1000198);
INSERT INTO black_cards VALUES (1000199, 'No último episódio de Cosmos, Neil DeGrasse Tyson explica ____.', 0, 1, NULL);
INSERT INTO card_set_black_card VALUES (1000000, 1000199);
INSERT INTO black_cards VALUES (1000200, 'Qual é a frase preferia de Gordon Ramsay?', 0, 1, NULL);
INSERT INTO card_set_black_card VALUES (1000000, 1000200);
INSERT INTO black_cards VALUES (1000201, 'Uma vez vi um episódio de Ficheiros Secretos que envolvia ____.', 0, 1, NULL);
INSERT INTO card_set_black_card VALUES (1000000, 1000201);
INSERT INTO black_cards VALUES (1000202, 'No último livro de Agatha Christie, Poirot resolve o mistério de ____.', 0, 1, NULL);
INSERT INTO card_set_black_card VALUES (1000000, 1000202);
INSERT INTO black_cards VALUES (1000203, 'Em 1984, o mundo é dominado por ____.', 0, 1, NULL);
INSERT INTO card_set_black_card VALUES (1000000, 1000203);
INSERT INTO black_cards VALUES (1000204, 'Astérix em ____.', 0, 1, NULL);
INSERT INTO card_set_black_card VALUES (1000000, 1000204);
INSERT INTO black_cards VALUES (1000205, '____ foi o último concorrente de Quem Quer Ser Milionário, apresentado por ____.', 0, 2, NULL);
INSERT INTO card_set_black_card VALUES (1000000, 1000205);
INSERT INTO black_cards VALUES (1000206, 'Os três reis magos levaram ouro, incenso e ____ ao menino.', 0, 1, NULL);
INSERT INTO card_set_black_card VALUES (1000000, 1000206);
INSERT INTO black_cards VALUES (1000207, 'A vencedora de hoje do Eu Ia Lá foi ____.', 0, 1, NULL);
INSERT INTO card_set_black_card VALUES (1000000, 1000207);
INSERT INTO black_cards VALUES (1000208, 'O Cristiano recebeu um e-mail da Amazon a recomendar ____.', 0, 1, NULL);
INSERT INTO card_set_black_card VALUES (1000000, 1000208);
INSERT INTO black_cards VALUES (1000209, 'Então olha aqui este dilema. Preferias ____ ou ____.', 0, 2, NULL);
INSERT INTO card_set_black_card VALUES (1000000, 1000209);
INSERT INTO black_cards VALUES (1000210, 'Se tivesse um canal no YouTube chamava ____ aos meus seguidores.', 0, 1, NULL);
INSERT INTO card_set_black_card VALUES (1000000, 1000210);
INSERT INTO black_cards VALUES (1000211, 'Não queria ____ nem dado!', 0, 1, NULL);
INSERT INTO card_set_black_card VALUES (1000000, 1000211);
INSERT INTO white_cards VALUES (1000212, 'Helen Keller.', NULL);
INSERT INTO card_set_white_card VALUES (1000000, 1000212);
INSERT INTO white_cards VALUES (1000213, 'Bonga.', NULL);
INSERT INTO card_set_white_card VALUES (1000000, 1000213);
INSERT INTO white_cards VALUES (1000214, 'Um sonda anal.', NULL);
INSERT INTO card_set_white_card VALUES (1000000, 1000214);
INSERT INTO white_cards VALUES (1000215, 'Uma menáge com o @caue_tuga e o @G_L.', NULL);
INSERT INTO card_set_white_card VALUES (1000000, 1000215);
INSERT INTO white_cards VALUES (1000216, '@caue_tuga.', NULL);
INSERT INTO card_set_white_card VALUES (1000000, 1000216);
INSERT INTO white_cards VALUES (1000217, '@G_L.', NULL);
INSERT INTO card_set_white_card VALUES (1000000, 1000217);
INSERT INTO white_cards VALUES (1000218, 'José Sócrates a fazer amor ardente com Fernanda Câncio.', NULL);
INSERT INTO card_set_white_card VALUES (1000000, 1000218);
INSERT INTO white_cards VALUES (1000219, 'Recluso #44.', NULL);
INSERT INTO card_set_white_card VALUES (1000000, 1000219);
INSERT INTO white_cards VALUES (1000220, 'José Sócrates.', NULL);
INSERT INTO card_set_white_card VALUES (1000000, 1000220);
INSERT INTO white_cards VALUES (1000221, 'Fernanda Cancro.', NULL);
INSERT INTO card_set_white_card VALUES (1000000, 1000221);
INSERT INTO white_cards VALUES (1000222, 'Uma lágrima no canto do olho.', NULL);
INSERT INTO card_set_white_card VALUES (1000000, 1000222);
INSERT INTO white_cards VALUES (1000223, 'Sónia Brazão.', NULL);
INSERT INTO card_set_white_card VALUES (1000000, 1000223);
INSERT INTO white_cards VALUES (1000224, 'Sónia Brazão ao lado de uma garrafa de gás.', NULL);
INSERT INTO card_set_white_card VALUES (1000000, 1000224);
INSERT INTO white_cards VALUES (1000225, 'O jogo da bolacha.', NULL);
INSERT INTO card_set_white_card VALUES (1000000, 1000225);
INSERT INTO white_cards VALUES (1000226, 'Mário Soares.', NULL);
INSERT INTO card_set_white_card VALUES (1000000, 1000226);
INSERT INTO white_cards VALUES (1000227, 'Carlos Cruz.	', NULL);
INSERT INTO card_set_white_card VALUES (1000000, 1000227);
INSERT INTO white_cards VALUES (1000228, 'Rui Cruz.', NULL);
INSERT INTO card_set_white_card VALUES (1000000, 1000228);
INSERT INTO white_cards VALUES (1000229, 'O Violador de Telheiras.', NULL);
INSERT INTO card_set_white_card VALUES (1000000, 1000229);
INSERT INTO white_cards VALUES (1000230, 'Munamies.', NULL);
INSERT INTO card_set_white_card VALUES (1000000, 1000230);
INSERT INTO white_cards VALUES (1000231, 'Tribbles.', NULL);
INSERT INTO card_set_white_card VALUES (1000000, 1000231);
INSERT INTO white_cards VALUES (1000232, 'Maddie.', NULL);
INSERT INTO card_set_white_card VALUES (1000000, 1000232);
INSERT INTO white_cards VALUES (1000233, 'O casal McCann.', NULL);
INSERT INTO card_set_white_card VALUES (1000000, 1000233);
INSERT INTO white_cards VALUES (1000234, 'Pomppufiilis.', NULL);
INSERT INTO card_set_white_card VALUES (1000000, 1000234);
INSERT INTO white_cards VALUES (1000235, 'João Andrade.', NULL);
INSERT INTO card_set_white_card VALUES (1000000, 1000235);
INSERT INTO white_cards VALUES (1000236, 'Afonso Garcia.', NULL);
INSERT INTO card_set_white_card VALUES (1000000, 1000236);
INSERT INTO white_cards VALUES (1000237, 'A tua prima.', NULL);
INSERT INTO card_set_white_card VALUES (1000000, 1000237);
INSERT INTO white_cards VALUES (1000238, 'O Batatinha.', NULL);
INSERT INTO card_set_white_card VALUES (1000000, 1000238);
INSERT INTO white_cards VALUES (1000239, 'O Estabelecimento Prisional de Évora.', NULL);
INSERT INTO card_set_white_card VALUES (1000000, 1000239);
INSERT INTO white_cards VALUES (1000240, 'O homem que seduz.', NULL);
INSERT INTO card_set_white_card VALUES (1000000, 1000240);
INSERT INTO white_cards VALUES (1000241, 'Windeck.', NULL);
INSERT INTO card_set_white_card VALUES (1000000, 1000241);
INSERT INTO white_cards VALUES (1000242, 'Damaia.', NULL);
INSERT INTO card_set_white_card VALUES (1000000, 1000242);
INSERT INTO white_cards VALUES (1000243, 'Mário Machado.', NULL);
INSERT INTO card_set_white_card VALUES (1000000, 1000243);
INSERT INTO white_cards VALUES (1000244, 'Érica Fontes.', NULL);
INSERT INTO card_set_white_card VALUES (1000000, 1000244);
INSERT INTO white_cards VALUES (1000245, 'Jack Bauer.', NULL);
INSERT INTO card_set_white_card VALUES (1000000, 1000245);
INSERT INTO white_cards VALUES (1000246, 'Tremoços.', NULL);
INSERT INTO card_set_white_card VALUES (1000000, 1000246);
INSERT INTO white_cards VALUES (1000247, 'Tremoços no cu.', NULL);
INSERT INTO card_set_white_card VALUES (1000000, 1000247);
INSERT INTO white_cards VALUES (1000248, 'Luciana Abreu.', NULL);
INSERT INTO card_set_white_card VALUES (1000000, 1000248);
INSERT INTO white_cards VALUES (1000249, 'Taveira.', NULL);
INSERT INTO card_set_white_card VALUES (1000000, 1000249);
INSERT INTO white_cards VALUES (1000250, 'Zeinal Bava.', NULL);
INSERT INTO card_set_white_card VALUES (1000000, 1000250);
INSERT INTO white_cards VALUES (1000251, 'Banda de punk finlandesa Syndrome of a Down.', NULL);
INSERT INTO card_set_white_card VALUES (1000000, 1000251);
INSERT INTO white_cards VALUES (1000252, 'Estudasses.', NULL);
INSERT INTO card_set_white_card VALUES (1000000, 1000252);
INSERT INTO white_cards VALUES (1000253, 'Ricardo Salgado.', NULL);
INSERT INTO card_set_white_card VALUES (1000000, 1000253);
INSERT INTO white_cards VALUES (1000254, 'Ana Malhoa.', NULL);
INSERT INTO card_set_white_card VALUES (1000000, 1000254);
INSERT INTO white_cards VALUES (1000255, 'Sopa da pedra.', NULL);
INSERT INTO card_set_white_card VALUES (1000000, 1000255);
INSERT INTO white_cards VALUES (1000256, 'Feijoada à transmontana.', NULL);
INSERT INTO card_set_white_card VALUES (1000000, 1000256);
INSERT INTO white_cards VALUES (1000257, 'Jerónimo de Sousa.', NULL);
INSERT INTO card_set_white_card VALUES (1000000, 1000257);
INSERT INTO white_cards VALUES (1000258, 'A vitória do PCP nas últimas eleições.', NULL);
INSERT INTO card_set_white_card VALUES (1000000, 1000258);
INSERT INTO white_cards VALUES (1000259, 'Gritar "Jenga!" quando o World Trade Center caiu.', NULL);
INSERT INTO card_set_white_card VALUES (1000000, 1000259);
INSERT INTO white_cards VALUES (1000260, 'A enorme verruga peluda na ponta do meu pénis.', NULL);
INSERT INTO card_set_white_card VALUES (1000000, 1000260);
INSERT INTO white_cards VALUES (1000261, 'Mário Nogueira.', NULL);
INSERT INTO card_set_white_card VALUES (1000000, 1000261);
INSERT INTO white_cards VALUES (1000262, 'Todo lá dentro.', NULL);
INSERT INTO card_set_white_card VALUES (1000000, 1000262);
INSERT INTO white_cards VALUES (1000263, 'Cu da querida.', NULL);
INSERT INTO card_set_white_card VALUES (1000000, 1000263);
INSERT INTO white_cards VALUES (1000264, 'Casa Pia.', NULL);
INSERT INTO card_set_white_card VALUES (1000000, 1000264);
INSERT INTO white_cards VALUES (1000265, 'Arroz de grelos.', NULL);
INSERT INTO card_set_white_card VALUES (1000000, 1000265);
INSERT INTO white_cards VALUES (1000266, 'José Cid nu com um disco de ouro à frente.', NULL);
INSERT INTO card_set_white_card VALUES (1000000, 1000266);
INSERT INTO white_cards VALUES (1000267, 'Cachaça.', NULL);
INSERT INTO card_set_white_card VALUES (1000000, 1000267);
INSERT INTO white_cards VALUES (1000268, 'Uma grade de mines.', NULL);
INSERT INTO card_set_white_card VALUES (1000000, 1000268);
INSERT INTO white_cards VALUES (1000269, 'Zezé Camarinha.', NULL);
INSERT INTO card_set_white_card VALUES (1000000, 1000269);
INSERT INTO white_cards VALUES (1000270, 'O Instagram da Lili Caneças.', NULL);
INSERT INTO card_set_white_card VALUES (1000000, 1000270);
INSERT INTO white_cards VALUES (1000271, 'O "Ritmo do Amor (Kuduro)" de Emanuel.', NULL);
INSERT INTO card_set_white_card VALUES (1000000, 1000271);
INSERT INTO white_cards VALUES (1000272, 'Tony Ramos.', NULL);
INSERT INTO card_set_white_card VALUES (1000000, 1000272);
INSERT INTO white_cards VALUES (1000273, 'Comunistas.', NULL);
INSERT INTO card_set_white_card VALUES (1000000, 1000273);
INSERT INTO white_cards VALUES (1000274, 'Ciganos.', NULL);
INSERT INTO card_set_white_card VALUES (1000000, 1000274);
INSERT INTO white_cards VALUES (1000275, 'O Ghandi de Lisboa.', NULL);
INSERT INTO card_set_white_card VALUES (1000000, 1000275);
INSERT INTO white_cards VALUES (1000276, 'A maneta.', NULL);
INSERT INTO card_set_white_card VALUES (1000000, 1000276);
INSERT INTO white_cards VALUES (1000277, 'Um anão com estudos.', NULL);
INSERT INTO card_set_white_card VALUES (1000000, 1000277);
INSERT INTO white_cards VALUES (1000278, 'Um prémio da UTL.', NULL);
INSERT INTO card_set_white_card VALUES (1000000, 1000278);
INSERT INTO white_cards VALUES (1000279, 'José Castelo Branco.', NULL);
INSERT INTO card_set_white_card VALUES (1000000, 1000279);
INSERT INTO white_cards VALUES (1000280, 'Betty Grafstein.', NULL);
INSERT INTO card_set_white_card VALUES (1000000, 1000280);
INSERT INTO white_cards VALUES (1000281, 'Cascais.', NULL);
INSERT INTO card_set_white_card VALUES (1000000, 1000281);
INSERT INTO white_cards VALUES (1000282, 'Lili Caneças.', NULL);
INSERT INTO card_set_white_card VALUES (1000000, 1000282);
INSERT INTO white_cards VALUES (1000283, 'Wanda Stuart.', NULL);
INSERT INTO card_set_white_card VALUES (1000000, 1000283);
INSERT INTO white_cards VALUES (1000284, 'Carlos Silvino.', NULL);
INSERT INTO card_set_white_card VALUES (1000000, 1000284);
INSERT INTO white_cards VALUES (1000285, 'Bibi.', NULL);
INSERT INTO card_set_white_card VALUES (1000000, 1000285);
INSERT INTO white_cards VALUES (1000286, 'Mário Soares como Presidente da República.', NULL);
INSERT INTO card_set_white_card VALUES (1000000, 1000286);
INSERT INTO white_cards VALUES (1000287, 'Goatse.', NULL);
INSERT INTO card_set_white_card VALUES (1000000, 1000287);
INSERT INTO white_cards VALUES (1000288, '2Girls1Cup.', NULL);
INSERT INTO card_set_white_card VALUES (1000000, 1000288);
INSERT INTO white_cards VALUES (1000289, 'Sexo anal de surpresa.', NULL);
INSERT INTO card_set_white_card VALUES (1000000, 1000289);
INSERT INTO white_cards VALUES (1000290, 'Meco.', NULL);
INSERT INTO card_set_white_card VALUES (1000000, 1000290);
INSERT INTO white_cards VALUES (1000291, 'Praxes.', NULL);
INSERT INTO card_set_white_card VALUES (1000000, 1000291);
INSERT INTO white_cards VALUES (1000292, 'Dux.', NULL);
INSERT INTO card_set_white_card VALUES (1000000, 1000292);
INSERT INTO white_cards VALUES (1000293, 'Seis caloiros atados uns aos outros numa noite de inverno.', NULL);
INSERT INTO card_set_white_card VALUES (1000000, 1000293);
INSERT INTO white_cards VALUES (1000294, 'Manuela Moura Guedes.', NULL);
INSERT INTO card_set_white_card VALUES (1000000, 1000294);
INSERT INTO white_cards VALUES (1000295, 'Nilton.', NULL);
INSERT INTO card_set_white_card VALUES (1000000, 1000295);
INSERT INTO white_cards VALUES (1000296, 'Uma piada do Nilton.', NULL);
INSERT INTO card_set_white_card VALUES (1000000, 1000296);
INSERT INTO white_cards VALUES (1000297, 'Cavaco Silva.', NULL);
INSERT INTO card_set_white_card VALUES (1000000, 1000297);
INSERT INTO white_cards VALUES (1000298, 'Passos Coelho.', NULL);
INSERT INTO card_set_white_card VALUES (1000000, 1000298);
INSERT INTO white_cards VALUES (1000299, 'Melhor CEO do ano.', NULL);
INSERT INTO card_set_white_card VALUES (1000000, 1000299);
INSERT INTO white_cards VALUES (1000300, 'Mariquinha.', NULL);
INSERT INTO card_set_white_card VALUES (1000000, 1000300);
INSERT INTO white_cards VALUES (1000301, 'Pacote.', NULL);
INSERT INTO card_set_white_card VALUES (1000000, 1000301);
INSERT INTO white_cards VALUES (1000302, 'Isaltino Morais.', NULL);
INSERT INTO card_set_white_card VALUES (1000000, 1000302);
INSERT INTO white_cards VALUES (1000303, 'Atirar papel higiénico a arder pela janela da cela.', NULL);
INSERT INTO card_set_white_card VALUES (1000000, 1000303);
INSERT INTO white_cards VALUES (1000304, 'Bruno de Carvalho a fazer um comunicado.', NULL);
INSERT INTO card_set_white_card VALUES (1000000, 1000304);
INSERT INTO white_cards VALUES (1000305, 'O Rei dos frangos.', NULL);
INSERT INTO card_set_white_card VALUES (1000000, 1000305);
INSERT INTO white_cards VALUES (1000306, 'O Barbas.', NULL);
INSERT INTO card_set_white_card VALUES (1000000, 1000306);
INSERT INTO white_cards VALUES (1000307, 'O Emplastro.', NULL);
INSERT INTO card_set_white_card VALUES (1000000, 1000307);
INSERT INTO white_cards VALUES (1000308, 'Catarina Martins.', NULL);
INSERT INTO card_set_white_card VALUES (1000000, 1000308);
INSERT INTO white_cards VALUES (1000309, 'Liderança Bicéfala.', NULL);
INSERT INTO card_set_white_card VALUES (1000000, 1000309);
INSERT INTO white_cards VALUES (1000310, 'Partido Livre.', NULL);
INSERT INTO card_set_white_card VALUES (1000000, 1000310);
INSERT INTO white_cards VALUES (1000311, 'Diogo Infante.', NULL);
INSERT INTO card_set_white_card VALUES (1000000, 1000311);
INSERT INTO white_cards VALUES (1000312, 'Mafalsa.', NULL);
INSERT INTO card_set_white_card VALUES (1000000, 1000312);
INSERT INTO white_cards VALUES (1000313, '#Guidafest.', NULL);
INSERT INTO card_set_white_card VALUES (1000000, 1000313);
INSERT INTO white_cards VALUES (1000314, 'Tirar uma fotografia ao ecrã do computador em vez de carregar no Print Screen.', NULL);
INSERT INTO card_set_white_card VALUES (1000000, 1000314);
INSERT INTO white_cards VALUES (1000315, 'Um Salazar em cada esquina.', NULL);
INSERT INTO card_set_white_card VALUES (1000000, 1000315);
INSERT INTO white_cards VALUES (1000316, 'Alberto João Jardim.', NULL);
INSERT INTO card_set_white_card VALUES (1000000, 1000316);
INSERT INTO white_cards VALUES (1000317, 'Tarrafal.', NULL);
INSERT INTO card_set_white_card VALUES (1000000, 1000317);
INSERT INTO white_cards VALUES (1000318, 'Petazetas no cu.', NULL);
INSERT INTO card_set_white_card VALUES (1000000, 1000318);
INSERT INTO white_cards VALUES (1000319, 'Centro Comercial Babilónia.', NULL);
INSERT INTO card_set_white_card VALUES (1000000, 1000319);
INSERT INTO white_cards VALUES (1000320, 'Cova da Moura.', NULL);
INSERT INTO card_set_white_card VALUES (1000000, 1000320);
INSERT INTO white_cards VALUES (1000321, 'Zona J.', NULL);
INSERT INTO card_set_white_card VALUES (1000000, 1000321);
INSERT INTO white_cards VALUES (1000322, 'Meets no Vasco da Gama.', NULL);
INSERT INTO card_set_white_card VALUES (1000000, 1000322);
INSERT INTO white_cards VALUES (1000323, 'Os peidos do Artur.', NULL);
INSERT INTO card_set_white_card VALUES (1000000, 1000323);
INSERT INTO white_cards VALUES (1000324, 'Usar um anão como dildo.', NULL);
INSERT INTO card_set_white_card VALUES (1000000, 1000324);
INSERT INTO white_cards VALUES (1000325, 'WD-40.', NULL);
INSERT INTO card_set_white_card VALUES (1000000, 1000325);
INSERT INTO white_cards VALUES (1000326, 'Duct tape.', NULL);
INSERT INTO card_set_white_card VALUES (1000000, 1000326);
INSERT INTO white_cards VALUES (1000327, 'A nobre arte de esgrima com pénis.', NULL);
INSERT INTO card_set_white_card VALUES (1000000, 1000327);
INSERT INTO white_cards VALUES (1000328, 'Desligar a máquina à avó.', NULL);
INSERT INTO card_set_white_card VALUES (1000000, 1000328);
INSERT INTO white_cards VALUES (1000329, 'O andar do Rui Cruz.', NULL);
INSERT INTO card_set_white_card VALUES (1000000, 1000329);
INSERT INTO white_cards VALUES (1000330, 'Hemorróidas.', NULL);
INSERT INTO card_set_white_card VALUES (1000000, 1000330);
INSERT INTO white_cards VALUES (1000331, 'Cera d''ouvido.', NULL);
INSERT INTO card_set_white_card VALUES (1000000, 1000331);
INSERT INTO white_cards VALUES (1000332, 'Meita.', NULL);
INSERT INTO card_set_white_card VALUES (1000000, 1000332);
INSERT INTO white_cards VALUES (1000333, 'Actos sexuais do Urban Dictionary.', NULL);
INSERT INTO card_set_white_card VALUES (1000000, 1000333);
INSERT INTO white_cards VALUES (1000334, 'Fernando Mendes.', NULL);
INSERT INTO card_set_white_card VALUES (1000000, 1000334);
INSERT INTO white_cards VALUES (1000335, 'ESPECTÁCULO!', NULL);
INSERT INTO card_set_white_card VALUES (1000000, 1000335);
INSERT INTO white_cards VALUES (1000336, 'Trivial.', NULL);
INSERT INTO card_set_white_card VALUES (1000000, 1000336);
INSERT INTO white_cards VALUES (1000337, 'Lavar o meu ânus à pressão.', NULL);
INSERT INTO card_set_white_card VALUES (1000000, 1000337);
INSERT INTO white_cards VALUES (1000338, 'Cócegas no umbigo, por dentro.', NULL);
INSERT INTO card_set_white_card VALUES (1000000, 1000338);
INSERT INTO white_cards VALUES (1000339, 'Anne Frank.', NULL);
INSERT INTO card_set_white_card VALUES (1000000, 1000339);
INSERT INTO white_cards VALUES (1000340, 'Orgia com José Castelo Branco e três pretos.', NULL);
INSERT INTO card_set_white_card VALUES (1000000, 1000340);
INSERT INTO white_cards VALUES (1000341, 'Um bebé de Chernobyl.', NULL);
INSERT INTO card_set_white_card VALUES (1000000, 1000341);
INSERT INTO white_cards VALUES (1000342, 'Os mamilos de pedra da Jennifer Aniston em cada episódio de Friends.', NULL);
INSERT INTO card_set_white_card VALUES (1000000, 1000342);
INSERT INTO white_cards VALUES (1000343, 'Snifar coca.', NULL);
INSERT INTO card_set_white_card VALUES (1000000, 1000343);
INSERT INTO white_cards VALUES (1000344, 'Um pintelho entalado nos dentes.', NULL);
INSERT INTO card_set_white_card VALUES (1000000, 1000344);
INSERT INTO white_cards VALUES (1000345, 'Os pés peludos do Frodo.', NULL);
INSERT INTO card_set_white_card VALUES (1000000, 1000345);
INSERT INTO white_cards VALUES (1000346, 'Sneaky little hobbitses.', NULL);
INSERT INTO card_set_white_card VALUES (1000000, 1000346);
INSERT INTO white_cards VALUES (1000347, 'Fissuras anais.', NULL);
INSERT INTO card_set_white_card VALUES (1000000, 1000347);
INSERT INTO white_cards VALUES (1000348, 'Micose.', NULL);
INSERT INTO card_set_white_card VALUES (1000000, 1000348);
INSERT INTO white_cards VALUES (1000349, 'Pénis invertido.', NULL);
INSERT INTO card_set_white_card VALUES (1000000, 1000349);
INSERT INTO white_cards VALUES (1000350, 'Catinga.', NULL);
INSERT INTO card_set_white_card VALUES (1000000, 1000350);
INSERT INTO white_cards VALUES (1000351, 'Uma garrafa de vodka e comprimidos para dormir.', NULL);
INSERT INTO card_set_white_card VALUES (1000000, 1000351);
INSERT INTO white_cards VALUES (1000352, 'Allāhu Akbar.', NULL);
INSERT INTO card_set_white_card VALUES (1000000, 1000352);
INSERT INTO white_cards VALUES (1000353, 'O @Razzo a falar mal de um produto que não é da Apple.', NULL);
INSERT INTO card_set_white_card VALUES (1000000, 1000353);
INSERT INTO white_cards VALUES (1000354, 'Zé Cabra.', NULL);
INSERT INTO card_set_white_card VALUES (1000000, 1000354);
INSERT INTO white_cards VALUES (1000355, 'Tony Carreira.', NULL);
INSERT INTO card_set_white_card VALUES (1000000, 1000355);
INSERT INTO white_cards VALUES (1000356, 'Sr. Professor.', NULL);
INSERT INTO card_set_white_card VALUES (1000000, 1000356);
INSERT INTO white_cards VALUES (1000357, 'As tetas da Melisandre.', NULL);
INSERT INTO card_set_white_card VALUES (1000000, 1000357);
INSERT INTO white_cards VALUES (1000358, 'A centopeia humana.', NULL);
INSERT INTO card_set_white_card VALUES (1000000, 1000358);
INSERT INTO white_cards VALUES (1000359, 'Black Science Man.', NULL);
INSERT INTO card_set_white_card VALUES (1000000, 1000359);
INSERT INTO white_cards VALUES (1000360, 'Shart Week.', NULL);
INSERT INTO card_set_white_card VALUES (1000000, 1000360);
INSERT INTO white_cards VALUES (1000361, 'Half-Life 3.', NULL);
INSERT INTO card_set_white_card VALUES (1000000, 1000361);
INSERT INTO white_cards VALUES (1000362, 'Gaben.', NULL);
INSERT INTO card_set_white_card VALUES (1000000, 1000362);
INSERT INTO white_cards VALUES (1000363, 'Legionébola.', NULL);
INSERT INTO card_set_white_card VALUES (1000000, 1000363);
INSERT INTO white_cards VALUES (1000364, 'Uma prostituta velha sem dentes.', NULL);
INSERT INTO card_set_white_card VALUES (1000000, 1000364);
INSERT INTO white_cards VALUES (1000365, 'A Sónia badalhoca da contabilidade.', NULL);
INSERT INTO card_set_white_card VALUES (1000000, 1000365);
INSERT INTO white_cards VALUES (1000366, 'O caralhinho.', NULL);
INSERT INTO card_set_white_card VALUES (1000000, 1000366);
INSERT INTO white_cards VALUES (1000367, 'Bôda, o caralho que te foda.', NULL);
INSERT INTO card_set_white_card VALUES (1000000, 1000367);
INSERT INTO white_cards VALUES (1000368, 'O Terceiro Reich.', NULL);
INSERT INTO card_set_white_card VALUES (1000000, 1000368);
INSERT INTO white_cards VALUES (1000369, 'Um cameltoe.', NULL);
INSERT INTO card_set_white_card VALUES (1000000, 1000369);
INSERT INTO white_cards VALUES (1000370, 'Quim Barreiros.', NULL);
INSERT INTO card_set_white_card VALUES (1000000, 1000370);
INSERT INTO white_cards VALUES (1000371, 'Rosinha.', NULL);
INSERT INTO card_set_white_card VALUES (1000000, 1000371);
INSERT INTO white_cards VALUES (1000372, 'Arroz doce.', NULL);
INSERT INTO card_set_white_card VALUES (1000000, 1000372);
INSERT INTO white_cards VALUES (1000373, 'Salame de chocolate.', NULL);
INSERT INTO card_set_white_card VALUES (1000000, 1000373);
INSERT INTO white_cards VALUES (1000374, 'O Pirata Russo.', NULL);
INSERT INTO card_set_white_card VALUES (1000000, 1000374);
INSERT INTO white_cards VALUES (1000375, 'Dickcopter.', NULL);
INSERT INTO card_set_white_card VALUES (1000000, 1000375);
INSERT INTO white_cards VALUES (1000376, 'Os assustadores barulhos sexuais de surdos.', NULL);
INSERT INTO card_set_white_card VALUES (1000000, 1000376);
INSERT INTO white_cards VALUES (1000377, 'Ter uma erecção durante uma revista das cavidades.', NULL);
INSERT INTO card_set_white_card VALUES (1000000, 1000377);
INSERT INTO white_cards VALUES (1000378, 'Pudim de ovos.', NULL);
INSERT INTO card_set_white_card VALUES (1000000, 1000378);
INSERT INTO white_cards VALUES (1000379, 'Mousse de chocolate.', NULL);
INSERT INTO card_set_white_card VALUES (1000000, 1000379);
INSERT INTO white_cards VALUES (1000380, 'Bolo de chocolate.', NULL);
INSERT INTO card_set_white_card VALUES (1000000, 1000380);
INSERT INTO white_cards VALUES (1000381, 'Toucinho do céu.', NULL);
INSERT INTO card_set_white_card VALUES (1000000, 1000381);
INSERT INTO white_cards VALUES (1000382, 'Tarte de maçã.', NULL);
INSERT INTO card_set_white_card VALUES (1000000, 1000382);
INSERT INTO white_cards VALUES (1000383, 'Baba de Camelo.', NULL);
INSERT INTO card_set_white_card VALUES (1000000, 1000383);
INSERT INTO white_cards VALUES (1000384, 'Pudim cor-de-rosa.', NULL);
INSERT INTO card_set_white_card VALUES (1000000, 1000384);
INSERT INTO white_cards VALUES (1000385, 'Ben Heck.', NULL);
INSERT INTO card_set_white_card VALUES (1000000, 1000385);
INSERT INTO white_cards VALUES (1000386, 'Colinho.', NULL);
INSERT INTO card_set_white_card VALUES (1000000, 1000386);
INSERT INTO white_cards VALUES (1000387, 'Takei.', NULL);
INSERT INTO card_set_white_card VALUES (1000000, 1000387);
INSERT INTO white_cards VALUES (1000388, 'Uma grande piça.', NULL);
INSERT INTO card_set_white_card VALUES (1000000, 1000388);
INSERT INTO white_cards VALUES (1000389, 'O Risitas.', NULL);
INSERT INTO card_set_white_card VALUES (1000000, 1000389);
INSERT INTO white_cards VALUES (1000390, 'Malato num jacuzzi.', NULL);
INSERT INTO card_set_white_card VALUES (1000000, 1000390);
INSERT INTO white_cards VALUES (1000391, 'O barulho que o computador do Cristiano faz.', NULL);
INSERT INTO card_set_white_card VALUES (1000000, 1000391);
INSERT INTO white_cards VALUES (1000392, 'Diarreia durante o 69.', NULL);
INSERT INTO card_set_white_card VALUES (1000000, 1000392);
INSERT INTO white_cards VALUES (1000393, 'Camilo de Oliveira.', NULL);
INSERT INTO card_set_white_card VALUES (1000000, 1000393);
INSERT INTO white_cards VALUES (1000394, 'Carlos Paião a arranhar o caixão.', NULL);
INSERT INTO card_set_white_card VALUES (1000000, 1000394);
INSERT INTO white_cards VALUES (1000395, 'Miklos Fehér.', NULL);
INSERT INTO card_set_white_card VALUES (1000000, 1000395);
INSERT INTO white_cards VALUES (1000396, 'O buraco onde o olho do Camões deveria estar.', NULL);
INSERT INTO card_set_white_card VALUES (1000000, 1000396);
INSERT INTO white_cards VALUES (1000397, 'A bicha do demónio.', NULL);
INSERT INTO card_set_white_card VALUES (1000000, 1000397);
INSERT INTO white_cards VALUES (1000398, 'Angélico Vieira.', NULL);
INSERT INTO card_set_white_card VALUES (1000000, 1000398);
INSERT INTO white_cards VALUES (1000399, 'Francisco Adam.', NULL);
INSERT INTO card_set_white_card VALUES (1000000, 1000399);
INSERT INTO white_cards VALUES (1000400, 'Chuck Norris.', NULL);
INSERT INTO card_set_white_card VALUES (1000000, 1000400);
INSERT INTO white_cards VALUES (1000401, 'Afterbirth.', NULL);
INSERT INTO card_set_white_card VALUES (1000000, 1000401);
INSERT INTO white_cards VALUES (1000402, 'Mini-caixotinho.', NULL);
INSERT INTO card_set_white_card VALUES (1000000, 1000402);
INSERT INTO white_cards VALUES (1000403, 'Joe Berardo.', NULL);
INSERT INTO card_set_white_card VALUES (1000000, 1000403);
INSERT INTO white_cards VALUES (1000404, 'Portugueses das anedotas.', NULL);
INSERT INTO card_set_white_card VALUES (1000000, 1000404);
INSERT INTO white_cards VALUES (1000405, 'O mangalho do Nélson Évora.', NULL);
INSERT INTO card_set_white_card VALUES (1000000, 1000405);
INSERT INTO white_cards VALUES (1000406, 'Ficar de pau feito.', NULL);
INSERT INTO card_set_white_card VALUES (1000000, 1000406);
INSERT INTO white_cards VALUES (1000407, 'Falir um país.', NULL);
INSERT INTO card_set_white_card VALUES (1000000, 1000407);
INSERT INTO white_cards VALUES (1000408, 'Vídeos caseiros do casal Cavaco Silva.', NULL);
INSERT INTO card_set_white_card VALUES (1000000, 1000408);
INSERT INTO white_cards VALUES (1000409, 'Lamber as costas a um sapo e apanhar uma grande moca.', NULL);
INSERT INTO card_set_white_card VALUES (1000000, 1000409);
INSERT INTO white_cards VALUES (1000410, 'Cortar as unhas dos pés ao Guilherme Leite.', NULL);
INSERT INTO card_set_white_card VALUES (1000000, 1000410);
INSERT INTO white_cards VALUES (1000411, 'Enfiar a pila no tubo do aspirador.', NULL);
INSERT INTO card_set_white_card VALUES (1000000, 1000411);
INSERT INTO white_cards VALUES (1000412, 'Empurrar o cocó para dentro.', NULL);
INSERT INTO card_set_white_card VALUES (1000000, 1000412);
INSERT INTO white_cards VALUES (1000413, 'Bofa di mama.', NULL);
INSERT INTO card_set_white_card VALUES (1000000, 1000413);
INSERT INTO white_cards VALUES (1000414, 'João Baião.', NULL);
INSERT INTO card_set_white_card VALUES (1000000, 1000414);
INSERT INTO white_cards VALUES (1000415, 'Lamber carpetes.', NULL);
INSERT INTO card_set_white_card VALUES (1000000, 1000415);
INSERT INTO white_cards VALUES (1000416, 'Limpar o cu com lixa.', NULL);
INSERT INTO card_set_white_card VALUES (1000000, 1000416);
INSERT INTO white_cards VALUES (1000417, 'Indianos no Facebook.', NULL);
INSERT INTO card_set_white_card VALUES (1000000, 1000417);
INSERT INTO white_cards VALUES (1000418, 'AZUCAR!', NULL);
INSERT INTO card_set_white_card VALUES (1000000, 1000418);
INSERT INTO white_cards VALUES (1000419, 'Espirrar enquanto se está a evacuar.', NULL);
INSERT INTO card_set_white_card VALUES (1000000, 1000419);
INSERT INTO white_cards VALUES (1000420, 'Uma piça para os haters.', NULL);
INSERT INTO card_set_white_card VALUES (1000000, 1000420);
INSERT INTO white_cards VALUES (1000421, 'Peidinhos de cona.', NULL);
INSERT INTO card_set_white_card VALUES (1000000, 1000421);
INSERT INTO white_cards VALUES (1000422, 'Pachachinha de uma senhora com lepra.', NULL);
INSERT INTO card_set_white_card VALUES (1000000, 1000422);
INSERT INTO white_cards VALUES (1000423, 'Candidiase vaginal.', NULL);
INSERT INTO card_set_white_card VALUES (1000000, 1000423);
INSERT INTO white_cards VALUES (1000424, 'Dafundo.', NULL);
INSERT INTO card_set_white_card VALUES (1000000, 1000424);
INSERT INTO white_cards VALUES (1000425, 'Pus do coto da maneta.', NULL);
INSERT INTO card_set_white_card VALUES (1000000, 1000425);
INSERT INTO white_cards VALUES (1000426, 'Caralhos assim bem grossinhos.', NULL);
INSERT INTO card_set_white_card VALUES (1000000, 1000426);
INSERT INTO white_cards VALUES (1000427, 'Ana Malhoa turbinada.', NULL);
INSERT INTO card_set_white_card VALUES (1000000, 1000427);
INSERT INTO white_cards VALUES (1000428, 'Chupar no coto da Maneta enquanto o Anão com estudos lhe metia um prémio da UTL no cu.', NULL);
INSERT INTO card_set_white_card VALUES (1000000, 1000428);
INSERT INTO white_cards VALUES (1000429, 'Um caralho das Caldas.', NULL);
INSERT INTO card_set_white_card VALUES (1000000, 1000429);
INSERT INTO white_cards VALUES (1000430, 'Heinrich Himmler.', NULL);
INSERT INTO card_set_white_card VALUES (1000000, 1000430);
INSERT INTO white_cards VALUES (1000431, 'Fernando Mendes e Malato em actos sexuais.', NULL);
INSERT INTO card_set_white_card VALUES (1000000, 1000431);
INSERT INTO white_cards VALUES (1000432, 'Duas mãos lá dentro a bater palmas.', NULL);
INSERT INTO card_set_white_card VALUES (1000000, 1000432);
INSERT INTO white_cards VALUES (1000433, 'Chupar no grelo em dia de jogo do Benfica em casa.', NULL);
INSERT INTO card_set_white_card VALUES (1000000, 1000433);
INSERT INTO white_cards VALUES (1000434, 'Workshops de gás butano com a Sónia Brazão.', NULL);
INSERT INTO card_set_white_card VALUES (1000000, 1000434);
INSERT INTO white_cards VALUES (1000435, 'Os teus pais numa orgia com o Castelo Branco no quarto ao lado.', NULL);
INSERT INTO card_set_white_card VALUES (1000000, 1000435);
INSERT INTO white_cards VALUES (1000436, 'Dois dedos no cu, de surpresa.', NULL);
INSERT INTO card_set_white_card VALUES (1000000, 1000436);
INSERT INTO white_cards VALUES (1000437, 'Masturbação com cotos.', NULL);
INSERT INTO card_set_white_card VALUES (1000000, 1000437);
INSERT INTO white_cards VALUES (1000438, 'Orfãos cegos sem pernas.', NULL);
INSERT INTO card_set_white_card VALUES (1000000, 1000438);
INSERT INTO white_cards VALUES (1000439, 'Os judeus que sobreviveram a Auschwitz.', NULL);
INSERT INTO card_set_white_card VALUES (1000000, 1000439);
INSERT INTO white_cards VALUES (1000440, 'Quadros.', NULL);
INSERT INTO card_set_white_card VALUES (1000000, 1000440);
INSERT INTO white_cards VALUES (1000441, 'Paulo Querido.', NULL);
INSERT INTO card_set_white_card VALUES (1000000, 1000441);
INSERT INTO white_cards VALUES (1000442, 'O pénis de um leproso.', NULL);
INSERT INTO card_set_white_card VALUES (1000000, 1000442);
INSERT INTO white_cards VALUES (1000443, 'Cócegas no reto.', NULL);
INSERT INTO card_set_white_card VALUES (1000000, 1000443);
INSERT INTO white_cards VALUES (1000444, 'Um escarro verde.', NULL);
INSERT INTO card_set_white_card VALUES (1000000, 1000444);
INSERT INTO white_cards VALUES (1000445, 'Montar a tenda no dentista.', NULL);
INSERT INTO card_set_white_card VALUES (1000000, 1000445);
INSERT INTO white_cards VALUES (1000446, 'Inspecção da cavidade anal pelo Freddy Krueger.', NULL);
INSERT INTO card_set_white_card VALUES (1000000, 1000446);
INSERT INTO white_cards VALUES (1000447, 'Mergulhar os tomates num alguidar com água gelada.', NULL);
INSERT INTO card_set_white_card VALUES (1000000, 1000447);
INSERT INTO white_cards VALUES (1000448, 'Deslizar nu por um corrimão cheio de facas que termina numa piscina de álcool.', NULL);
INSERT INTO card_set_white_card VALUES (1000000, 1000448);
INSERT INTO white_cards VALUES (1000449, 'Enfiar um funil no cu e despejar vinagre a ferver lá para dentro.', NULL);
INSERT INTO card_set_white_card VALUES (1000000, 1000449);
INSERT INTO white_cards VALUES (1000450, 'Acampar no Avante.', NULL);
INSERT INTO card_set_white_card VALUES (1000000, 1000450);
INSERT INTO white_cards VALUES (1000451, 'Assaltar campas.', NULL);
INSERT INTO card_set_white_card VALUES (1000000, 1000451);
INSERT INTO white_cards VALUES (1000452, 'Partilhar seringas.', NULL);
INSERT INTO card_set_white_card VALUES (1000000, 1000452);
INSERT INTO white_cards VALUES (1000453, 'Quando queres mandar uma bufa e sai o ano novo chinês.', NULL);
INSERT INTO card_set_white_card VALUES (1000000, 1000453);
INSERT INTO white_cards VALUES (1000454, 'Enfiar Mentos no cu e levar um clister de Coca-Cola.', NULL);
INSERT INTO card_set_white_card VALUES (1000000, 1000454);
INSERT INTO white_cards VALUES (1000455, 'Um pau para tirar selfies.', NULL);
INSERT INTO card_set_white_card VALUES (1000000, 1000455);
INSERT INTO white_cards VALUES (1000456, 'O Professor Marcelo.', NULL);
INSERT INTO card_set_white_card VALUES (1000000, 1000456);
INSERT INTO white_cards VALUES (1000457, 'Ser expulso dos Pastéis de Belém.', NULL);
INSERT INTO card_set_white_card VALUES (1000000, 1000457);
INSERT INTO white_cards VALUES (1000458, 'Uma nude da Joana Raminhos.', NULL);
INSERT INTO card_set_white_card VALUES (1000000, 1000458);
INSERT INTO white_cards VALUES (1000459, 'Jogar rugby com recém-nascidos.', NULL);
INSERT INTO card_set_white_card VALUES (1000000, 1000459);
INSERT INTO white_cards VALUES (1000460, 'Um dildo que na realidade é o Cavaco Silva disfarçado.', NULL);
INSERT INTO card_set_white_card VALUES (1000000, 1000460);
INSERT INTO white_cards VALUES (1000461, 'Masturbação furiosa que deixa o mastro assado.', NULL);
INSERT INTO card_set_white_card VALUES (1000000, 1000461);
INSERT INTO white_cards VALUES (1000462, 'A careca do Jorge Nuno Pinto da Costa.', NULL);
INSERT INTO card_set_white_card VALUES (1000000, 1000462);
INSERT INTO white_cards VALUES (1000463, 'Um bando de idiotas a jogar um jogo de cartas online.', NULL);
INSERT INTO card_set_white_card VALUES (1000000, 1000463);
INSERT INTO white_cards VALUES (1000464, 'Cozido à portuguesa.', NULL);
INSERT INTO card_set_white_card VALUES (1000000, 1000464);
INSERT INTO white_cards VALUES (1000465, 'Esmegma.', NULL);
INSERT INTO card_set_white_card VALUES (1000000, 1000465);
INSERT INTO white_cards VALUES (1000466, 'Um Cornetto com a bolacha mole, toda mole.', NULL);
INSERT INTO card_set_white_card VALUES (1000000, 1000466);
INSERT INTO white_cards VALUES (1000467, 'Ser sodomizado pelo Shrek.', NULL);
INSERT INTO card_set_white_card VALUES (1000000, 1000467);
INSERT INTO white_cards VALUES (1000468, 'Ter a mão do José Freixo enfiada no cu e fazer de Donaltim.', NULL);
INSERT INTO card_set_white_card VALUES (1000000, 1000468);
INSERT INTO white_cards VALUES (1000469, '404: Mão não encontrada.', NULL);
INSERT INTO card_set_white_card VALUES (1000000, 1000469);
INSERT INTO white_cards VALUES (1000470, 'Enfiar uma mangueira de pressão pelo cu adentro e fazer uma limpeza às amígdalas.', NULL);
INSERT INTO card_set_white_card VALUES (1000000, 1000470);
INSERT INTO white_cards VALUES (1000471, 'Atirar uma pizza para o telhado.', NULL);
INSERT INTO card_set_white_card VALUES (1000000, 1000471);
INSERT INTO white_cards VALUES (1000472, 'Uma leve paralisia cerebral.', NULL);
INSERT INTO card_set_white_card VALUES (1000000, 1000472);
INSERT INTO white_cards VALUES (1000473, 'Acólitos pré-adolescentes.', NULL);
INSERT INTO card_set_white_card VALUES (1000000, 1000473);
INSERT INTO white_cards VALUES (1000474, 'Usar o gato de Schrödinger para explicar ganhar e perder simultaneamente a maratona de Boston por um pé.', NULL);
INSERT INTO card_set_white_card VALUES (1000000, 1000474);
INSERT INTO white_cards VALUES (1000475, 'Experiências médicas em órfãos.', NULL);
INSERT INTO card_set_white_card VALUES (1000000, 1000475);
INSERT INTO white_cards VALUES (1000476, 'Um nabo com a rama de fora.', NULL);
INSERT INTO card_set_white_card VALUES (1000000, 1000476);
INSERT INTO white_cards VALUES (1000477, 'Ozzy Osbourne.', NULL);
INSERT INTO card_set_white_card VALUES (1000000, 1000477);
INSERT INTO white_cards VALUES (1000478, '#JeSuisCharlie', NULL);
INSERT INTO card_set_white_card VALUES (1000000, 1000478);
INSERT INTO white_cards VALUES (1000479, 'O barulho que o Stephen Hawking faz enquanto pratica o coito.', NULL);
INSERT INTO card_set_white_card VALUES (1000000, 1000479);
INSERT INTO white_cards VALUES (1000480, 'Transformar o Michael Jackson numa marionete e filmar o Thriller novamente.', NULL);
INSERT INTO card_set_white_card VALUES (1000000, 1000480);
INSERT INTO white_cards VALUES (1000481, 'Cláudio Ramos.', NULL);
INSERT INTO card_set_white_card VALUES (1000000, 1000481);
INSERT INTO white_cards VALUES (1000482, 'A PIDE.', NULL);
INSERT INTO card_set_white_card VALUES (1000000, 1000482);
INSERT INTO white_cards VALUES (1000483, 'Jogar Twister com veteranos do ultramar amputados.', NULL);
INSERT INTO card_set_white_card VALUES (1000000, 1000483);
INSERT INTO white_cards VALUES (1000484, 'Smiguel.', NULL);
INSERT INTO card_set_white_card VALUES (1000000, 1000484);
INSERT INTO white_cards VALUES (1000485, 'Jogar ao jogo das cadeiras com o Salazar.', NULL);
INSERT INTO card_set_white_card VALUES (1000000, 1000485);
INSERT INTO white_cards VALUES (1000486, 'Paco Bandeira.', NULL);
INSERT INTO card_set_white_card VALUES (1000000, 1000486);
INSERT INTO white_cards VALUES (1000487, 'Rui Pedro.', NULL);
INSERT INTO card_set_white_card VALUES (1000000, 1000487);
INSERT INTO white_cards VALUES (1000488, 'Dívida insustentável.', NULL);
INSERT INTO card_set_white_card VALUES (1000000, 1000488);
INSERT INTO white_cards VALUES (1000489, 'AXE Peace.', NULL);
INSERT INTO card_set_white_card VALUES (1000000, 1000489);
INSERT INTO white_cards VALUES (1000490, 'Rua Sésamo.', NULL);
INSERT INTO card_set_white_card VALUES (1000000, 1000490);
INSERT INTO white_cards VALUES (1000491, 'Abortos feitos com cruzetas.', NULL);
INSERT INTO card_set_white_card VALUES (1000000, 1000491);
INSERT INTO white_cards VALUES (1000492, 'Arrastão em Carcavelos.', NULL);
INSERT INTO card_set_white_card VALUES (1000000, 1000492);
INSERT INTO white_cards VALUES (1000493, 'Judeus.', NULL);
INSERT INTO card_set_white_card VALUES (1000000, 1000493);
INSERT INTO white_cards VALUES (1000494, 'Auschwitz.', NULL);
INSERT INTO card_set_white_card VALUES (1000000, 1000494);
INSERT INTO white_cards VALUES (1000495, 'Tarzan Taborda.', NULL);
INSERT INTO card_set_white_card VALUES (1000000, 1000495);
INSERT INTO white_cards VALUES (1000496, 'Lombo do bicho.', NULL);
INSERT INTO card_set_white_card VALUES (1000000, 1000496);
INSERT INTO white_cards VALUES (1000497, 'Lobotomia com um picador de gelo.', NULL);
INSERT INTO card_set_white_card VALUES (1000000, 1000497);
INSERT INTO white_cards VALUES (1000498, 'Simone de Oliveira.', NULL);
INSERT INTO card_set_white_card VALUES (1000000, 1000498);
INSERT INTO white_cards VALUES (1000499, 'Pedófilos.', NULL);
INSERT INTO card_set_white_card VALUES (1000000, 1000499);
INSERT INTO white_cards VALUES (1000500, 'KKK.', NULL);
INSERT INTO card_set_white_card VALUES (1000000, 1000500);
INSERT INTO white_cards VALUES (1000501, 'O testículo perdido do Lance Armstrong.', NULL);
INSERT INTO card_set_white_card VALUES (1000000, 1000501);
INSERT INTO white_cards VALUES (1000502, 'O coração de uma criança.', NULL);
INSERT INTO card_set_white_card VALUES (1000000, 1000502);
INSERT INTO white_cards VALUES (1000503, 'Limpeza étnica.', NULL);
INSERT INTO card_set_white_card VALUES (1000000, 1000503);
INSERT INTO white_cards VALUES (1000504, 'Cerveja quente.', NULL);
INSERT INTO card_set_white_card VALUES (1000000, 1000504);
INSERT INTO white_cards VALUES (1000505, 'João Paulo II.', NULL);
INSERT INTO card_set_white_card VALUES (1000000, 1000505);
INSERT INTO white_cards VALUES (1000506, 'Os três pastorinhos.', NULL);
INSERT INTO card_set_white_card VALUES (1000000, 1000506);
INSERT INTO white_cards VALUES (1000507, 'Nossa Senhora de Fátima.', NULL);
INSERT INTO card_set_white_card VALUES (1000000, 1000507);
INSERT INTO white_cards VALUES (1000508, 'Os Delfins.', NULL);
INSERT INTO card_set_white_card VALUES (1000000, 1000508);
INSERT INTO white_cards VALUES (1000509, 'O Último a Sair.', NULL);
INSERT INTO card_set_white_card VALUES (1000000, 1000509);
INSERT INTO white_cards VALUES (1000510, 'O solitário testículo que o Lance Armstrong ainda tem.', NULL);
INSERT INTO card_set_white_card VALUES (1000000, 1000510);
INSERT INTO white_cards VALUES (1000511, 'João Loureiro.', NULL);
INSERT INTO card_set_white_card VALUES (1000000, 1000511);
INSERT INTO white_cards VALUES (1000512, 'Necrofilia.', NULL);
INSERT INTO card_set_white_card VALUES (1000000, 1000512);
INSERT INTO white_cards VALUES (1000513, 'MechaHitler.', NULL);
INSERT INTO card_set_white_card VALUES (1000000, 1000513);
INSERT INTO white_cards VALUES (1000514, 'Pedro Abrunhosa.', NULL);
INSERT INTO card_set_white_card VALUES (1000000, 1000514);
INSERT INTO white_cards VALUES (1000515, 'Os órfãos mais queridos de sempre.', NULL);
INSERT INTO card_set_white_card VALUES (1000000, 1000515);
INSERT INTO white_cards VALUES (1000516, 'Michael Jackson.', NULL);
INSERT INTO card_set_white_card VALUES (1000000, 1000516);
INSERT INTO white_cards VALUES (1000517, 'Bill Clinton nu deitado num urso-tapete a tocar saxofone.', NULL);
INSERT INTO card_set_white_card VALUES (1000000, 1000517);
INSERT INTO white_cards VALUES (1000518, 'Abelhas.', NULL);
INSERT INTO card_set_white_card VALUES (1000000, 1000518);
INSERT INTO white_cards VALUES (1000519, 'Nazis.', NULL);
INSERT INTO card_set_white_card VALUES (1000000, 1000519);
INSERT INTO white_cards VALUES (1000520, 'Sardinha assada.', NULL);
INSERT INTO card_set_white_card VALUES (1000000, 1000520);
INSERT INTO white_cards VALUES (1000521, 'Complexo de Édipo.', NULL);
INSERT INTO card_set_white_card VALUES (1000000, 1000521);
INSERT INTO white_cards VALUES (1000522, 'Separar o Mar Vermelho.', NULL);
INSERT INTO card_set_white_card VALUES (1000000, 1000522);
INSERT INTO white_cards VALUES (1000523, 'Ejacular numa piscina cheia de lágrimas de órfãos.', NULL);
INSERT INTO card_set_white_card VALUES (1000000, 1000523);
INSERT INTO white_cards VALUES (1000524, 'Voz do Morgan Freeman.', NULL);
INSERT INTO card_set_white_card VALUES (1000000, 1000524);
INSERT INTO white_cards VALUES (1000525, 'Crianças com cancro anal.', NULL);
INSERT INTO card_set_white_card VALUES (1000000, 1000525);
INSERT INTO white_cards VALUES (1000526, 'Dois dedos no mexilhão, um no bujão.', NULL);
INSERT INTO card_set_white_card VALUES (1000000, 1000526);
INSERT INTO white_cards VALUES (1000527, 'Cocaína.', NULL);
INSERT INTO card_set_white_card VALUES (1000000, 1000527);
INSERT INTO white_cards VALUES (1000528, 'Micropénis.', NULL);
INSERT INTO card_set_white_card VALUES (1000000, 1000528);
INSERT INTO white_cards VALUES (1000529, 'Crianças africanas.', NULL);
INSERT INTO card_set_white_card VALUES (1000000, 1000529);
INSERT INTO white_cards VALUES (1000530, 'Invadir as escadas da assembleia.', NULL);
INSERT INTO card_set_white_card VALUES (1000000, 1000530);
INSERT INTO white_cards VALUES (1000531, 'Estrogénio.', NULL);
INSERT INTO card_set_white_card VALUES (1000000, 1000531);
INSERT INTO white_cards VALUES (1000532, 'Colecção de cadáveres.', NULL);
INSERT INTO card_set_white_card VALUES (1000000, 1000532);
INSERT INTO white_cards VALUES (1000533, 'League of Legends.', NULL);
INSERT INTO card_set_white_card VALUES (1000000, 1000533);
INSERT INTO white_cards VALUES (1000534, 'Um cafuné ao de leve.', NULL);
INSERT INTO card_set_white_card VALUES (1000000, 1000534);
INSERT INTO white_cards VALUES (1000535, 'O sangue de Cristo.', NULL);
INSERT INTO card_set_white_card VALUES (1000000, 1000535);
INSERT INTO white_cards VALUES (1000536, 'Pais mortos.', NULL);
INSERT INTO card_set_white_card VALUES (1000000, 1000536);
INSERT INTO white_cards VALUES (1000537, 'Rita Pereira.', NULL);
INSERT INTO card_set_white_card VALUES (1000000, 1000537);
INSERT INTO white_cards VALUES (1000538, 'Crianças com trelas.', NULL);
INSERT INTO card_set_white_card VALUES (1000000, 1000538);
INSERT INTO white_cards VALUES (1000539, 'D''ZRT.', NULL);
INSERT INTO card_set_white_card VALUES (1000000, 1000539);
INSERT INTO white_cards VALUES (1000540, 'Tavares, o arquitecto quebra bilhas.', NULL);
INSERT INTO card_set_white_card VALUES (1000000, 1000540);
INSERT INTO white_cards VALUES (1000541, 'Escuteiros.', NULL);
INSERT INTO card_set_white_card VALUES (1000000, 1000541);
INSERT INTO white_cards VALUES (1000542, 'RoboCop.', NULL);
INSERT INTO card_set_white_card VALUES (1000000, 1000542);
INSERT INTO white_cards VALUES (1000543, 'Sonhos molhados.', NULL);
INSERT INTO card_set_white_card VALUES (1000000, 1000543);
INSERT INTO white_cards VALUES (1000544, 'Terroristas.', NULL);
INSERT INTO card_set_white_card VALUES (1000000, 1000544);
INSERT INTO white_cards VALUES (1000545, 'Cachecol do Varoufakis.', NULL);
INSERT INTO card_set_white_card VALUES (1000000, 1000545);
INSERT INTO white_cards VALUES (1000546, 'Tesão da manhã.', NULL);
INSERT INTO card_set_white_card VALUES (1000000, 1000546);
INSERT INTO white_cards VALUES (1000547, 'D. Duarte de Bragança.', NULL);
INSERT INTO card_set_white_card VALUES (1000000, 1000547);
INSERT INTO white_cards VALUES (1000548, 'Lâminas nos mamilos.', NULL);
INSERT INTO card_set_white_card VALUES (1000000, 1000548);
INSERT INTO white_cards VALUES (1000549, 'O pénis do Hodor.', NULL);
INSERT INTO card_set_white_card VALUES (1000000, 1000549);
INSERT INTO white_cards VALUES (1000550, 'Stig.', NULL);
INSERT INTO card_set_white_card VALUES (1000000, 1000550);
INSERT INTO white_cards VALUES (1000551, 'Uma noite escaldante com o Hagrid.', NULL);
INSERT INTO card_set_white_card VALUES (1000000, 1000551);
INSERT INTO white_cards VALUES (1000552, 'Nicolas Cage.', NULL);
INSERT INTO card_set_white_card VALUES (1000000, 1000552);
INSERT INTO white_cards VALUES (1000553, 'William Shatner.', NULL);
INSERT INTO card_set_white_card VALUES (1000000, 1000553);
INSERT INTO white_cards VALUES (1000554, 'Dois anões a cagar num balde.', NULL);
INSERT INTO card_set_white_card VALUES (1000000, 1000554);
INSERT INTO white_cards VALUES (1000555, 'Jaime Lannister.', NULL);
INSERT INTO card_set_white_card VALUES (1000000, 1000555);
INSERT INTO white_cards VALUES (1000556, 'Cersei Lannister.', NULL);
INSERT INTO card_set_white_card VALUES (1000000, 1000556);
INSERT INTO white_cards VALUES (1000557, 'Lepra.', NULL);
INSERT INTO card_set_white_card VALUES (1000000, 1000557);
INSERT INTO white_cards VALUES (1000558, 'Placenta.', NULL);
INSERT INTO card_set_white_card VALUES (1000000, 1000558);
INSERT INTO white_cards VALUES (1000559, 'As personagens de Bem Vindos a Beirais.', NULL);
INSERT INTO card_set_white_card VALUES (1000000, 1000559);
INSERT INTO white_cards VALUES (1000560, 'Herman José.', NULL);
INSERT INTO card_set_white_card VALUES (1000000, 1000560);
INSERT INTO white_cards VALUES (1000561, 'SIDA.', NULL);
INSERT INTO card_set_white_card VALUES (1000000, 1000561);
INSERT INTO white_cards VALUES (1000562, 'Viagra.', NULL);
INSERT INTO card_set_white_card VALUES (1000000, 1000562);
INSERT INTO white_cards VALUES (1000563, 'Matar a mãe do Bambi.', NULL);
INSERT INTO card_set_white_card VALUES (1000000, 1000563);
INSERT INTO white_cards VALUES (1000564, 'A cena da morte do Mufasa.', NULL);
INSERT INTO card_set_white_card VALUES (1000000, 1000564);
INSERT INTO white_cards VALUES (1000565, 'WHERE''S THE LAMB SAAAAAAUUUUUUCE?!', NULL);
INSERT INTO card_set_white_card VALUES (1000000, 1000565);
INSERT INTO white_cards VALUES (1000566, 'Tribbles.', NULL);
INSERT INTO card_set_white_card VALUES (1000000, 1000566);
INSERT INTO white_cards VALUES (1000567, 'CGTP.', NULL);
INSERT INTO card_set_white_card VALUES (1000000, 1000567);
INSERT INTO white_cards VALUES (1000568, 'PCP.', NULL);
INSERT INTO card_set_white_card VALUES (1000000, 1000568);
INSERT INTO white_cards VALUES (1000569, 'Heloísa Apolónia.', NULL);
INSERT INTO card_set_white_card VALUES (1000000, 1000569);
INSERT INTO white_cards VALUES (1000570, 'Uma nêspera no cu.', NULL);
INSERT INTO card_set_white_card VALUES (1000000, 1000570);
INSERT INTO white_cards VALUES (1000571, 'A maior e mais preta pila.', NULL);
INSERT INTO card_set_white_card VALUES (1000000, 1000571);
INSERT INTO white_cards VALUES (1000572, 'O caralhinho que vos foda.', NULL);
INSERT INTO card_set_white_card VALUES (1000000, 1000572);
INSERT INTO white_cards VALUES (1000573, 'Uma aula de educação sexual com Tomás Taveira.', NULL);
INSERT INTO card_set_white_card VALUES (1000000, 1000573);
INSERT INTO white_cards VALUES (1000574, 'Belhotes.', NULL);
INSERT INTO card_set_white_card VALUES (1000000, 1000574);
INSERT INTO white_cards VALUES (1000575, 'Pinguins.', NULL);
INSERT INTO card_set_white_card VALUES (1000000, 1000575);
INSERT INTO white_cards VALUES (1000576, 'Zés.', NULL);
INSERT INTO card_set_white_card VALUES (1000000, 1000576);
INSERT INTO white_cards VALUES (1000577, 'Um 18 a Arquitectura.', NULL);
INSERT INTO card_set_white_card VALUES (1000000, 1000577);
