INSERT INTO card_set VALUES (1000000, true, 'Twitter', true, 'Porque o CAH não era mau que chegue.', 4);
INSERT INTO black_cards VALUES (1000001, 'No seu próximo filme, Nicolas Cage tem que superar o seu medo de ____.', 0, 1, NULL);
INSERT INTO card_set_black_card VALUES (1000000, 1000001);
INSERT INTO black_cards VALUES (1000002, 'Na próxima temporade de 24, Jack Bauer enfrenta a ameaça de ____.', 0, 1, NULL);
INSERT INTO card_set_black_card VALUES (1000000, 1000002);
INSERT INTO black_cards VALUES (1000003, 'O seminário sobre incêncios de hoje vai ser dado por ____.', 0, 1, NULL);
INSERT INTO card_set_black_card VALUES (1000000, 1000003);
INSERT INTO black_cards VALUES (1000004, 'Não queres estar num beco sozinho com ____.', 0, 1, NULL);
INSERT INTO card_set_black_card VALUES (1000000, 1000004);
INSERT INTO black_cards VALUES (1000005, '____ and ____ sitting in a tree! K-I-S-S-I-N-G!', 0, 2, NULL);
INSERT INTO card_set_black_card VALUES (1000000, 1000005);
INSERT INTO black_cards VALUES (1000006, 'Acabei de receber um e-mail de spam de ____@____.pt.', 0, 2, NULL);
INSERT INTO card_set_black_card VALUES (1000000, 1000006);
INSERT INTO black_cards VALUES (1000007, 'With great ____ comes great responsibility.', 0, 1, NULL);
INSERT INTO card_set_black_card VALUES (1000000, 1000007);
INSERT INTO black_cards VALUES (1000008, 'It''s a bird! It''s a plane! No, it''s ____!', 0, 1, NULL);
INSERT INTO card_set_black_card VALUES (1000000, 1000008);
INSERT INTO black_cards VALUES (1000009, 'The Sorting Hat has sorted ____ into House ____.', 0, 2, NULL);
INSERT INTO card_set_black_card VALUES (1000000, 1000009);
INSERT INTO black_cards VALUES (1000010, 'In this season of Game of Thrones, intrigue is at an all time high, as House ____ comes into play.', 0, 1, NULL);
INSERT INTO card_set_black_card VALUES (1000000, 1000010);
INSERT INTO black_cards VALUES (1000011, 'Não consegues controlar ____.', 0, 1, NULL);
INSERT INTO card_set_black_card VALUES (1000000, 1000011);
INSERT INTO black_cards VALUES (1000012, 'A minha resolução para o ano novo é comer mais ____.', 0, 1, NULL);
INSERT INTO card_set_black_card VALUES (1000000, 1000012);
INSERT INTO black_cards VALUES (1000013, 'Fui acusado de estar envolvido com ____, mas ____ provou a minha inocência.', 0, 2, NULL);
INSERT INTO card_set_black_card VALUES (1000000, 1000013);
INSERT INTO black_cards VALUES (1000014, 'Até os Norte Coreanos não conseguem viver sem ____.', 0, 1, NULL);
INSERT INTO card_set_black_card VALUES (1000000, 1000014);
INSERT INTO black_cards VALUES (1000015, 'Embrulhar ____ com um laço continua a não fazer disso um bom presente.', 0, 1, NULL);
INSERT INTO card_set_black_card VALUES (1000000, 1000015);
INSERT INTO black_cards VALUES (1000016, 'Coisas que gritas quando tens um orgasmo: ____.', 0, 1, NULL);
INSERT INTO card_set_black_card VALUES (1000000, 1000016);
INSERT INTO black_cards VALUES (1000017, 'Pergunte ao seu médico ou farmaceutico se ____ é bom para si.', 0, 1, NULL);
INSERT INTO card_set_black_card VALUES (1000000, 1000017);
INSERT INTO black_cards VALUES (1000018, '____. Antes isso que trabalhar no McDonald''s.', 0, 1, NULL);
INSERT INTO card_set_black_card VALUES (1000000, 1000018);
INSERT INTO black_cards VALUES (1000019, '____. Antes trabalhar no McDonald''s que isso.', 0, 1, NULL);
INSERT INTO card_set_black_card VALUES (1000000, 1000019);
INSERT INTO black_cards VALUES (1000020, 'Dr. ____: or How I Learned to Stop Worrying and Love ____.', 0, 2, NULL);
INSERT INTO card_set_black_card VALUES (1000000, 1000020);
INSERT INTO black_cards VALUES (1000021, '9 em 10 dentistas recomendam ____.', 0, 1, NULL);
INSERT INTO card_set_black_card VALUES (1000000, 1000021);
INSERT INTO black_cards VALUES (1000022, 'Apanhei os meus pais a ____ com ____.', 0, 2, NULL);
INSERT INTO card_set_black_card VALUES (1000000, 1000022);
INSERT INTO black_cards VALUES (1000023, 'O que é a vida sem ____?', 0, 1, NULL);
INSERT INTO card_set_black_card VALUES (1000000, 1000023);
INSERT INTO black_cards VALUES (1000024, 'Não farias o download de ____.', 0, 1, NULL);
INSERT INTO card_set_black_card VALUES (1000000, 1000024);
INSERT INTO black_cards VALUES (1000025, '____: O pequeno almoço dos campeões.', 0, 1, NULL);
INSERT INTO card_set_black_card VALUES (1000000, 1000025);
INSERT INTO black_cards VALUES (1000026, 'Não, pai! O ____ não!', 0, 1, NULL);
INSERT INTO card_set_black_card VALUES (1000000, 1000026);
INSERT INTO black_cards VALUES (1000027, '____ é um dildo se fores suficientemente corajoso.', 0, 1, NULL);
INSERT INTO card_set_black_card VALUES (1000000, 1000027);
INSERT INTO black_cards VALUES (1000028, '____ é LITERALMENTE melhor que sexo!', 0, 1, NULL);
INSERT INTO card_set_black_card VALUES (1000000, 1000028);
INSERT INTO black_cards VALUES (1000029, 'Não é violação se gritares "____!".', 0, 1, NULL);
INSERT INTO card_set_black_card VALUES (1000000, 1000029);
INSERT INTO black_cards VALUES (1000030, 'Não fazia ideia que podias ordenhar ____...', 0, 1, NULL);
INSERT INTO card_set_black_card VALUES (1000000, 1000030);
INSERT INTO black_cards VALUES (1000031, '____? Eu ia lá.', 0, 1, NULL);
INSERT INTO card_set_black_card VALUES (1000000, 1000031);
INSERT INTO black_cards VALUES (1000032, '____ é o nome que Bill Clinton deu ao seu pénis.', 0, 1, NULL);
INSERT INTO card_set_black_card VALUES (1000000, 1000032);
INSERT INTO black_cards VALUES (1000033, 'Um(a) ____ por dia, nem sabe o bem que lhe fazia.', 0, 1, NULL);
INSERT INTO card_set_black_card VALUES (1000000, 1000033);
INSERT INTO black_cards VALUES (1000034, 'O prato do dia é ____ com ____.', 0, 2, NULL);
INSERT INTO card_set_black_card VALUES (1000000, 1000034);
INSERT INTO black_cards VALUES (1000035, 'Usei o tacto para ensinar a Helen Keller sobre ____.', 0, 1, NULL);
INSERT INTO card_set_black_card VALUES (1000000, 1000035);
INSERT INTO black_cards VALUES (1000036, 'I kissed ____ and I liked it.', 0, 1, NULL);
INSERT INTO card_set_black_card VALUES (1000000, 1000036);
INSERT INTO black_cards VALUES (1000037, 'Adoro o cheiro a ____ de manhã.', 0, 1, NULL);
INSERT INTO card_set_black_card VALUES (1000000, 1000037);
INSERT INTO black_cards VALUES (1000038, 'Nem Jesus pode perdoar ____.', 0, 1, NULL);
INSERT INTO card_set_black_card VALUES (1000000, 1000038);
INSERT INTO black_cards VALUES (1000039, 'Peru recheado com ____.', 0, 1, NULL);
INSERT INTO card_set_black_card VALUES (1000000, 1000039);
INSERT INTO black_cards VALUES (1000040, '____ + ____ = Paz Mundial.', 0, 2, NULL);
INSERT INTO card_set_black_card VALUES (1000000, 1000040);
INSERT INTO black_cards VALUES (1000041, 'May the ____ be with you.', 0, 1, NULL);
INSERT INTO card_set_black_card VALUES (1000000, 1000041);
INSERT INTO black_cards VALUES (1000042, '____? Make it so.', 0, 1, NULL);
INSERT INTO card_set_black_card VALUES (1000000, 1000042);
INSERT INTO black_cards VALUES (1000043, 'Nunca fui bom a ____ no secundário. Mas na universidade tornei-me especialista.', 0, 1, NULL);
INSERT INTO card_set_black_card VALUES (1000000, 1000043);
INSERT INTO black_cards VALUES (1000044, 'E atrás da porta número 3: ____!', 0, 1, NULL);
INSERT INTO card_set_black_card VALUES (1000000, 1000044);
INSERT INTO black_cards VALUES (1000045, 'Mas esta montra final não estaria completa sem ____!', 0, 1, NULL);
INSERT INTO card_set_black_card VALUES (1000000, 1000045);
INSERT INTO black_cards VALUES (1000046, 'Tenho vergonha de admitir que troquei favores sexuais por ____.', 0, 1, NULL);
INSERT INTO card_set_black_card VALUES (1000000, 1000046);
INSERT INTO black_cards VALUES (1000047, 'Juntava-me ao ISIS por ____.', 0, 1, NULL);
INSERT INTO card_set_black_card VALUES (1000000, 1000047);
INSERT INTO black_cards VALUES (1000048, 'O meu Pokémon favorito é ____.', 0, 1, NULL);
INSERT INTO card_set_black_card VALUES (1000000, 1000048);
INSERT INTO black_cards VALUES (1000049, '____? ____ ajuda com isso.', 0, 2, NULL);
INSERT INTO card_set_black_card VALUES (1000000, 1000049);
INSERT INTO black_cards VALUES (1000050, 'Um dos meus sonhos recorrentes é uma threesome com ____ e ____.', 0, 2, NULL);
INSERT INTO card_set_black_card VALUES (1000000, 1000050);
INSERT INTO black_cards VALUES (1000051, '____: Clinicamente testado.', 0, 1, NULL);
INSERT INTO card_set_black_card VALUES (1000000, 1000051);
INSERT INTO black_cards VALUES (1000052, 'Fode: ____ Casa: ____ Mata: ____', 0, 3, NULL);
INSERT INTO card_set_black_card VALUES (1000000, 1000052);
INSERT INTO black_cards VALUES (1000053, 'Se isto fosse a Índia, ____ era uma vaca.', 0, 1, NULL);
INSERT INTO card_set_black_card VALUES (1000000, 1000053);
INSERT INTO black_cards VALUES (1000054, 'Estou com desejos de ____.', 0, 1, NULL);
INSERT INTO card_set_black_card VALUES (1000000, 1000054);
INSERT INTO black_cards VALUES (1000055, 'Whitney Houston vai sempre amar ____.', 0, 1, NULL);
INSERT INTO card_set_black_card VALUES (1000000, 1000055);
INSERT INTO black_cards VALUES (1000056, 'Instruções confusas. Penis preso em ____.', 0, 1, NULL);
INSERT INTO card_set_black_card VALUES (1000000, 1000056);
INSERT INTO black_cards VALUES (1000057, 'Cientistas anunciam cura para a SIDA: ____.', 0, 1, NULL);
INSERT INTO card_set_black_card VALUES (1000000, 1000057);
INSERT INTO black_cards VALUES (1000058, '____: Maior por dentro.', 0, 1, NULL);
INSERT INTO card_set_black_card VALUES (1000000, 1000058);
INSERT INTO black_cards VALUES (1000059, '____. That''s how we roll in the Shire.', 0, 1, NULL);
INSERT INTO card_set_black_card VALUES (1000000, 1000059);
INSERT INTO black_cards VALUES (1000060, 'You have my sword. And my bow. And my ____!', 0, 1, NULL);
INSERT INTO card_set_black_card VALUES (1000000, 1000060);
INSERT INTO black_cards VALUES (1000061, 'Na sua nova aventura, a Anita envolve-se com ____.', 0, 1, NULL);
INSERT INTO card_set_black_card VALUES (1000000, 1000061);
INSERT INTO black_cards VALUES (1000062, '____: Connecting people.', 0, 1, NULL);
INSERT INTO card_set_black_card VALUES (1000000, 1000062);
INSERT INTO black_cards VALUES (1000063, 'Enchi o meu disco de 4TB com fotografias de ____.', 0, 1, NULL);
INSERT INTO card_set_black_card VALUES (1000000, 1000063);
INSERT INTO black_cards VALUES (1000064, 'Querido Deus, obrigado por ____.', 0, 1, NULL);
INSERT INTO card_set_black_card VALUES (1000000, 1000064);
INSERT INTO black_cards VALUES (1000065, 'O nome do meu próximo filho vai ser ____.', 0, 1, NULL);
INSERT INTO card_set_black_card VALUES (1000000, 1000065);
INSERT INTO black_cards VALUES (1000066, 'Disney apresenta: ____ on ice!', 0, 1, NULL);
INSERT INTO card_set_black_card VALUES (1000000, 1000066);
INSERT INTO black_cards VALUES (1000067, 'Quando for grande quero ser ____.', 0, 1, NULL);
INSERT INTO card_set_black_card VALUES (1000000, 1000067);
INSERT INTO black_cards VALUES (1000068, 'José Sócrates deixa cair o sabonete. Quem se aproveita da situação? ____', 0, 1, NULL);
INSERT INTO card_set_black_card VALUES (1000000, 1000068);
INSERT INTO black_cards VALUES (1000069, 'Foi o país e o mundo, e ____.', 0, 1, NULL);
INSERT INTO card_set_black_card VALUES (1000000, 1000069);
INSERT INTO black_cards VALUES (1000070, 'Bonito bonito, é/são ____ a bater no pito.', 0, 1, NULL);
INSERT INTO card_set_black_card VALUES (1000000, 1000070);
INSERT INTO black_cards VALUES (1000071, '50 Shades of ____.', 0, 1, NULL);
INSERT INTO card_set_black_card VALUES (1000000, 1000071);
INSERT INTO black_cards VALUES (1000072, 'GOOD NEWS! IT''S ____!', 0, 1, NULL);
INSERT INTO card_set_black_card VALUES (1000000, 1000072);
INSERT INTO black_cards VALUES (1000073, 'Gosto de usar ____ como bondage.', 0, 1, NULL);
INSERT INTO card_set_black_card VALUES (1000000, 1000073);
INSERT INTO black_cards VALUES (1000074, 'A minha coisa preferida de procurar no google é ____.', 0, 1, NULL);
INSERT INTO card_set_black_card VALUES (1000000, 1000074);
INSERT INTO black_cards VALUES (1000075, 'Acabei de tatuar ____ no meu pénis.', 0, 1, NULL);
INSERT INTO card_set_black_card VALUES (1000000, 1000075);
INSERT INTO black_cards VALUES (1000076, 'Monologos da ____.', 0, 1, NULL);
INSERT INTO card_set_black_card VALUES (1000000, 1000076);
INSERT INTO black_cards VALUES (1000077, 'Ensaio sobre ____.', 0, 1, NULL);
INSERT INTO card_set_black_card VALUES (1000000, 1000077);
INSERT INTO black_cards VALUES (1000078, '____. Derrete-se na boca.', 0, 1, NULL);
INSERT INTO card_set_black_card VALUES (1000000, 1000078);
INSERT INTO black_cards VALUES (1000079, 'Que faria ____?', 0, 1, NULL);
INSERT INTO card_set_black_card VALUES (1000000, 1000079);
INSERT INTO black_cards VALUES (1000080, 'Quem tem fome, até ____ come.', 0, 1, NULL);
INSERT INTO card_set_black_card VALUES (1000000, 1000080);
INSERT INTO black_cards VALUES (1000081, 'No meu último turno, tirei uma radiografia a uma pessoa que tinha enfiado ____ no cu.', 0, 1, NULL);
INSERT INTO card_set_black_card VALUES (1000000, 1000081);
INSERT INTO black_cards VALUES (1000082, 'Nova cor da Crayola: ____.', 0, 1, NULL);
INSERT INTO card_set_black_card VALUES (1000000, 1000082);
INSERT INTO black_cards VALUES (1000083, '____ : podes usar como papel higiénico.', 0, 1, NULL);
INSERT INTO card_set_black_card VALUES (1000000, 1000083);
INSERT INTO black_cards VALUES (1000084, 'Ok, eu admito. Virava completamente gay por ____.', 0, 1, NULL);
INSERT INTO card_set_black_card VALUES (1000000, 1000084);
INSERT INTO black_cards VALUES (1000085, 'It''s okay to be ____ .', 0, 1, NULL);
INSERT INTO card_set_black_card VALUES (1000000, 1000085);
INSERT INTO black_cards VALUES (1000086, 'Agora enfrenta o meu ataque extremo: ____ !!', 0, 1, NULL);
INSERT INTO card_set_black_card VALUES (1000000, 1000086);
INSERT INTO black_cards VALUES (1000087, 'A wild ____ appears!', 0, 1, NULL);
INSERT INTO card_set_black_card VALUES (1000000, 1000087);
INSERT INTO black_cards VALUES (1000088, '____ quer andar à porada!', 0, 1, NULL);
INSERT INTO card_set_black_card VALUES (1000000, 1000088);
INSERT INTO black_cards VALUES (1000089, 'Hoje, no Prós e Contras: ____', 0, 1, NULL);
INSERT INTO card_set_black_card VALUES (1000000, 1000089);
INSERT INTO black_cards VALUES (1000090, 'Esta noite, o Professor Marcelo vai dar a sua opinião sobre ____.', 0, 1, NULL);
INSERT INTO card_set_black_card VALUES (1000000, 1000090);
INSERT INTO black_cards VALUES (1000091, 'No último episódio, o Doraemon tirou ____ da bolsa mágica.', 0, 1, NULL);
INSERT INTO card_set_black_card VALUES (1000000, 1000091);
INSERT INTO black_cards VALUES (1000092, 'Hoje, o almoço na cantina do Técnico é ____ no forno.', 0, 1, NULL);
INSERT INTO card_set_black_card VALUES (1000000, 1000092);
INSERT INTO black_cards VALUES (1000093, '____? Que corta tesão.', 0, 1, NULL);
INSERT INTO card_set_black_card VALUES (1000000, 1000093);
INSERT INTO black_cards VALUES (1000094, 'O Malato já foi muito feliz a ____.', 0, 1, NULL);
INSERT INTO card_set_black_card VALUES (1000000, 1000094);
INSERT INTO black_cards VALUES (1000095, 'Captain ____, of the USS ____.', 0, 2, NULL);
INSERT INTO card_set_black_card VALUES (1000000, 1000095);
INSERT INTO black_cards VALUES (1000096, 'Nova exposição no CCB: ____', 0, 1, NULL);
INSERT INTO card_set_black_card VALUES (1000000, 1000096);
INSERT INTO black_cards VALUES (1000097, 'Tenho um sapo de louça à porta de casa para afastar ____.', 0, 1, NULL);
INSERT INTO card_set_black_card VALUES (1000000, 1000097);
INSERT INTO black_cards VALUES (1000098, 'A Maia tem uma carta com uma gravura de ____.', 0, 1, NULL);
INSERT INTO card_set_black_card VALUES (1000000, 1000098);
INSERT INTO black_cards VALUES (1000099, 'No meu último sonho erótico, estava numa sauna com ____.', 0, 1, NULL);
INSERT INTO card_set_black_card VALUES (1000000, 1000099);
INSERT INTO black_cards VALUES (1000100, 'Nas marchas populares deste ano, os padrinhos da Mouraria vão ser ____ e ____.', 0, 2, NULL);
INSERT INTO card_set_black_card VALUES (1000000, 1000100);
INSERT INTO black_cards VALUES (1000101, 'A Lili Caneças postou no Instagram uma selfie com ____.', 0, 1, NULL);
INSERT INTO card_set_black_card VALUES (1000000, 1000101);
INSERT INTO black_cards VALUES (1000102, 'O Titanic tinha sido muito melhor se em vez de Jack e Rose, tivéssemos ____ e ____.', 0, 2, NULL);
INSERT INTO card_set_black_card VALUES (1000000, 1000102);
INSERT INTO black_cards VALUES (1000103, 'Captain Kirk is climbing a mountain, why is he climbing a mountain?', 0, 0, NULL);
INSERT INTO card_set_black_card VALUES (1000000, 1000103);
INSERT INTO black_cards VALUES (1000104, 'A melhor forma de matar judeus é ____.', 0, 1, NULL);
INSERT INTO card_set_black_card VALUES (1000000, 1000104);
INSERT INTO white_cards VALUES (1000105, 'Helen Keller.', NULL);
INSERT INTO card_set_white_card VALUES (1000000, 1000105);
INSERT INTO white_cards VALUES (1000106, 'Bonga.', NULL);
INSERT INTO card_set_white_card VALUES (1000000, 1000106);
INSERT INTO white_cards VALUES (1000107, 'Um sonda anal.', NULL);
INSERT INTO card_set_white_card VALUES (1000000, 1000107);
INSERT INTO white_cards VALUES (1000108, 'Uma menáge com o @caue_tuga e o @G_L.', NULL);
INSERT INTO card_set_white_card VALUES (1000000, 1000108);
INSERT INTO white_cards VALUES (1000109, '@caue_tuga.', NULL);
INSERT INTO card_set_white_card VALUES (1000000, 1000109);
INSERT INTO white_cards VALUES (1000110, '@G_L.', NULL);
INSERT INTO card_set_white_card VALUES (1000000, 1000110);
INSERT INTO white_cards VALUES (1000111, 'José Sócrates a fazer amor ardente com Fernanda Câncio.', NULL);
INSERT INTO card_set_white_card VALUES (1000000, 1000111);
INSERT INTO white_cards VALUES (1000112, 'Recluso #44.', NULL);
INSERT INTO card_set_white_card VALUES (1000000, 1000112);
INSERT INTO white_cards VALUES (1000113, 'José Sócrates.', NULL);
INSERT INTO card_set_white_card VALUES (1000000, 1000113);
INSERT INTO white_cards VALUES (1000114, 'Fernanda Cancro.', NULL);
INSERT INTO card_set_white_card VALUES (1000000, 1000114);
INSERT INTO white_cards VALUES (1000115, 'Uma lágrima no canto do olho.', NULL);
INSERT INTO card_set_white_card VALUES (1000000, 1000115);
INSERT INTO white_cards VALUES (1000116, 'Sónia Brazão.', NULL);
INSERT INTO card_set_white_card VALUES (1000000, 1000116);
INSERT INTO white_cards VALUES (1000117, 'Sónia Brazão ao lado de uma garrafa de gás.', NULL);
INSERT INTO card_set_white_card VALUES (1000000, 1000117);
INSERT INTO white_cards VALUES (1000118, 'O jogo da bolacha.', NULL);
INSERT INTO card_set_white_card VALUES (1000000, 1000118);
INSERT INTO white_cards VALUES (1000119, 'Mário Soares.', NULL);
INSERT INTO card_set_white_card VALUES (1000000, 1000119);
INSERT INTO white_cards VALUES (1000120, 'Carlos Cruz.	', NULL);
INSERT INTO card_set_white_card VALUES (1000000, 1000120);
INSERT INTO white_cards VALUES (1000121, 'Rui Cruz.', NULL);
INSERT INTO card_set_white_card VALUES (1000000, 1000121);
INSERT INTO white_cards VALUES (1000122, 'O Violador de Telheiras.', NULL);
INSERT INTO card_set_white_card VALUES (1000000, 1000122);
INSERT INTO white_cards VALUES (1000123, 'Munamies.', NULL);
INSERT INTO card_set_white_card VALUES (1000000, 1000123);
INSERT INTO white_cards VALUES (1000124, 'Tribbles.', NULL);
INSERT INTO card_set_white_card VALUES (1000000, 1000124);
INSERT INTO white_cards VALUES (1000125, 'Maddie.', NULL);
INSERT INTO card_set_white_card VALUES (1000000, 1000125);
INSERT INTO white_cards VALUES (1000126, 'O casal McCann.', NULL);
INSERT INTO card_set_white_card VALUES (1000000, 1000126);
INSERT INTO white_cards VALUES (1000127, 'Pomppufiilis.', NULL);
INSERT INTO card_set_white_card VALUES (1000000, 1000127);
INSERT INTO white_cards VALUES (1000128, 'João Andrade.', NULL);
INSERT INTO card_set_white_card VALUES (1000000, 1000128);
INSERT INTO white_cards VALUES (1000129, 'Afonso Garcia.', NULL);
INSERT INTO card_set_white_card VALUES (1000000, 1000129);
INSERT INTO white_cards VALUES (1000130, 'A tua prima.', NULL);
INSERT INTO card_set_white_card VALUES (1000000, 1000130);
INSERT INTO white_cards VALUES (1000131, 'O Batatinha.', NULL);
INSERT INTO card_set_white_card VALUES (1000000, 1000131);
INSERT INTO white_cards VALUES (1000132, 'Estabelecimento Prisional de Évora.', NULL);
INSERT INTO card_set_white_card VALUES (1000000, 1000132);
INSERT INTO white_cards VALUES (1000133, 'O homem que seduz.', NULL);
INSERT INTO card_set_white_card VALUES (1000000, 1000133);
INSERT INTO white_cards VALUES (1000134, 'Windeck.', NULL);
INSERT INTO card_set_white_card VALUES (1000000, 1000134);
INSERT INTO white_cards VALUES (1000135, 'Damaia.', NULL);
INSERT INTO card_set_white_card VALUES (1000000, 1000135);
INSERT INTO white_cards VALUES (1000136, 'Mário Machado.', NULL);
INSERT INTO card_set_white_card VALUES (1000000, 1000136);
INSERT INTO white_cards VALUES (1000137, 'Érica Fontes.', NULL);
INSERT INTO card_set_white_card VALUES (1000000, 1000137);
INSERT INTO white_cards VALUES (1000138, 'Jack Bauer.', NULL);
INSERT INTO card_set_white_card VALUES (1000000, 1000138);
INSERT INTO white_cards VALUES (1000139, 'Tremoços.', NULL);
INSERT INTO card_set_white_card VALUES (1000000, 1000139);
INSERT INTO white_cards VALUES (1000140, 'Tremoços no cu.', NULL);
INSERT INTO card_set_white_card VALUES (1000000, 1000140);
INSERT INTO white_cards VALUES (1000141, 'Luciana Abreu.', NULL);
INSERT INTO card_set_white_card VALUES (1000000, 1000141);
INSERT INTO white_cards VALUES (1000142, 'Taveira.', NULL);
INSERT INTO card_set_white_card VALUES (1000000, 1000142);
INSERT INTO white_cards VALUES (1000143, 'Zeinal Bava.', NULL);
INSERT INTO card_set_white_card VALUES (1000000, 1000143);
INSERT INTO white_cards VALUES (1000144, 'Banda de punk finlandesa Syndrome of a Down.', NULL);
INSERT INTO card_set_white_card VALUES (1000000, 1000144);
INSERT INTO white_cards VALUES (1000145, 'Estudasses.', NULL);
INSERT INTO card_set_white_card VALUES (1000000, 1000145);
INSERT INTO white_cards VALUES (1000146, 'Ricardo Salgado.', NULL);
INSERT INTO card_set_white_card VALUES (1000000, 1000146);
INSERT INTO white_cards VALUES (1000147, 'Ana Malhoa.', NULL);
INSERT INTO card_set_white_card VALUES (1000000, 1000147);
INSERT INTO white_cards VALUES (1000148, 'Sopa da pedra.', NULL);
INSERT INTO card_set_white_card VALUES (1000000, 1000148);
INSERT INTO white_cards VALUES (1000149, 'Feijoada à transmontana.', NULL);
INSERT INTO card_set_white_card VALUES (1000000, 1000149);
INSERT INTO white_cards VALUES (1000150, 'Jerónimo de Sousa.', NULL);
INSERT INTO card_set_white_card VALUES (1000000, 1000150);
INSERT INTO white_cards VALUES (1000151, 'A vitória do PCP nas últimas eleições.', NULL);
INSERT INTO card_set_white_card VALUES (1000000, 1000151);
INSERT INTO white_cards VALUES (1000152, 'Gritar "Jenga!" quando o World Trade Center caiu.', NULL);
INSERT INTO card_set_white_card VALUES (1000000, 1000152);
INSERT INTO white_cards VALUES (1000153, 'A verruga peluda enorme na ponta do meu pénis.', NULL);
INSERT INTO card_set_white_card VALUES (1000000, 1000153);
INSERT INTO white_cards VALUES (1000154, 'Mário Nogueira.', NULL);
INSERT INTO card_set_white_card VALUES (1000000, 1000154);
INSERT INTO white_cards VALUES (1000155, 'Todo lá dentro.', NULL);
INSERT INTO card_set_white_card VALUES (1000000, 1000155);
INSERT INTO white_cards VALUES (1000156, 'Cu da querida.', NULL);
INSERT INTO card_set_white_card VALUES (1000000, 1000156);
INSERT INTO white_cards VALUES (1000157, 'Casa Pia.', NULL);
INSERT INTO card_set_white_card VALUES (1000000, 1000157);
INSERT INTO white_cards VALUES (1000158, 'Arroz de grelos.', NULL);
INSERT INTO card_set_white_card VALUES (1000000, 1000158);
INSERT INTO white_cards VALUES (1000159, 'José Cid nu com um disco de ouro à frente.', NULL);
INSERT INTO card_set_white_card VALUES (1000000, 1000159);
INSERT INTO white_cards VALUES (1000160, 'Cachaça.', NULL);
INSERT INTO card_set_white_card VALUES (1000000, 1000160);
INSERT INTO white_cards VALUES (1000161, 'Uma grade de mines.', NULL);
INSERT INTO card_set_white_card VALUES (1000000, 1000161);
INSERT INTO white_cards VALUES (1000162, 'Zezé Camarinha.', NULL);
INSERT INTO card_set_white_card VALUES (1000000, 1000162);
INSERT INTO white_cards VALUES (1000163, 'O Instagram da Lili Caneças.', NULL);
INSERT INTO card_set_white_card VALUES (1000000, 1000163);
INSERT INTO white_cards VALUES (1000164, 'O "Ritmo do Amor (Kuduro)" de Emanuel.', NULL);
INSERT INTO card_set_white_card VALUES (1000000, 1000164);
INSERT INTO white_cards VALUES (1000165, 'Tony Ramos.', NULL);
INSERT INTO card_set_white_card VALUES (1000000, 1000165);
INSERT INTO white_cards VALUES (1000166, 'Comunistas.', NULL);
INSERT INTO card_set_white_card VALUES (1000000, 1000166);
INSERT INTO white_cards VALUES (1000167, 'Ciganos.', NULL);
INSERT INTO card_set_white_card VALUES (1000000, 1000167);
INSERT INTO white_cards VALUES (1000168, 'O Ghandi de Lisboa.', NULL);
INSERT INTO card_set_white_card VALUES (1000000, 1000168);
INSERT INTO white_cards VALUES (1000169, 'A maneta.', NULL);
INSERT INTO card_set_white_card VALUES (1000000, 1000169);
INSERT INTO white_cards VALUES (1000170, 'Um anão com estudos.', NULL);
INSERT INTO card_set_white_card VALUES (1000000, 1000170);
INSERT INTO white_cards VALUES (1000171, 'Um prémio da UTL.', NULL);
INSERT INTO card_set_white_card VALUES (1000000, 1000171);
INSERT INTO white_cards VALUES (1000172, 'José Castelo Branco.', NULL);
INSERT INTO card_set_white_card VALUES (1000000, 1000172);
INSERT INTO white_cards VALUES (1000173, 'Betty Grafstein.', NULL);
INSERT INTO card_set_white_card VALUES (1000000, 1000173);
INSERT INTO white_cards VALUES (1000174, 'Cascais.', NULL);
INSERT INTO card_set_white_card VALUES (1000000, 1000174);
INSERT INTO white_cards VALUES (1000175, 'Lili Caneças.', NULL);
INSERT INTO card_set_white_card VALUES (1000000, 1000175);
INSERT INTO white_cards VALUES (1000176, 'Wanda Stuart.', NULL);
INSERT INTO card_set_white_card VALUES (1000000, 1000176);
INSERT INTO white_cards VALUES (1000177, 'Carlos Silvino.', NULL);
INSERT INTO card_set_white_card VALUES (1000000, 1000177);
INSERT INTO white_cards VALUES (1000178, 'Bibi.', NULL);
INSERT INTO card_set_white_card VALUES (1000000, 1000178);
INSERT INTO white_cards VALUES (1000179, 'Mário Soares como Presidente da República.', NULL);
INSERT INTO card_set_white_card VALUES (1000000, 1000179);
INSERT INTO white_cards VALUES (1000180, 'Goatse.', NULL);
INSERT INTO card_set_white_card VALUES (1000000, 1000180);
INSERT INTO white_cards VALUES (1000181, '2Girls1Cup.', NULL);
INSERT INTO card_set_white_card VALUES (1000000, 1000181);
INSERT INTO white_cards VALUES (1000182, 'Sexo anal de surpresa.', NULL);
INSERT INTO card_set_white_card VALUES (1000000, 1000182);
INSERT INTO white_cards VALUES (1000183, 'Meco.', NULL);
INSERT INTO card_set_white_card VALUES (1000000, 1000183);
INSERT INTO white_cards VALUES (1000184, 'Praxes.', NULL);
INSERT INTO card_set_white_card VALUES (1000000, 1000184);
INSERT INTO white_cards VALUES (1000185, 'Dux.', NULL);
INSERT INTO card_set_white_card VALUES (1000000, 1000185);
INSERT INTO white_cards VALUES (1000186, 'Seis caloiros atados uns aos outros numa noite de inverno.', NULL);
INSERT INTO card_set_white_card VALUES (1000000, 1000186);
INSERT INTO white_cards VALUES (1000187, 'Manuela Moura Guedes.', NULL);
INSERT INTO card_set_white_card VALUES (1000000, 1000187);
INSERT INTO white_cards VALUES (1000188, 'Nilton.', NULL);
INSERT INTO card_set_white_card VALUES (1000000, 1000188);
INSERT INTO white_cards VALUES (1000189, 'Uma piada do Nilton.', NULL);
INSERT INTO card_set_white_card VALUES (1000000, 1000189);
INSERT INTO white_cards VALUES (1000190, 'Cavaco Silva.', NULL);
INSERT INTO card_set_white_card VALUES (1000000, 1000190);
INSERT INTO white_cards VALUES (1000191, 'Passos Coelho.', NULL);
INSERT INTO card_set_white_card VALUES (1000000, 1000191);
INSERT INTO white_cards VALUES (1000192, 'Melhor CEO do ano.', NULL);
INSERT INTO card_set_white_card VALUES (1000000, 1000192);
INSERT INTO white_cards VALUES (1000193, 'Mariquinha.', NULL);
INSERT INTO card_set_white_card VALUES (1000000, 1000193);
INSERT INTO white_cards VALUES (1000194, 'Pacote.', NULL);
INSERT INTO card_set_white_card VALUES (1000000, 1000194);
INSERT INTO white_cards VALUES (1000195, 'Isaltino Morais.', NULL);
INSERT INTO card_set_white_card VALUES (1000000, 1000195);
INSERT INTO white_cards VALUES (1000196, 'Atirar papel higiénico a arder pela janela da cela.', NULL);
INSERT INTO card_set_white_card VALUES (1000000, 1000196);
INSERT INTO white_cards VALUES (1000197, 'Bruno de Carvalho a fazer um comunicado.', NULL);
INSERT INTO card_set_white_card VALUES (1000000, 1000197);
INSERT INTO white_cards VALUES (1000198, 'O Rei dos frangos.', NULL);
INSERT INTO card_set_white_card VALUES (1000000, 1000198);
INSERT INTO white_cards VALUES (1000199, 'O Barbas.', NULL);
INSERT INTO card_set_white_card VALUES (1000000, 1000199);
INSERT INTO white_cards VALUES (1000200, 'O Emplastro.', NULL);
INSERT INTO card_set_white_card VALUES (1000000, 1000200);
INSERT INTO white_cards VALUES (1000201, 'Catarina Martins.', NULL);
INSERT INTO card_set_white_card VALUES (1000000, 1000201);
INSERT INTO white_cards VALUES (1000202, 'Liderança Bicéfala.', NULL);
INSERT INTO card_set_white_card VALUES (1000000, 1000202);
INSERT INTO white_cards VALUES (1000203, 'Partido Livre.', NULL);
INSERT INTO card_set_white_card VALUES (1000000, 1000203);
INSERT INTO white_cards VALUES (1000204, 'Diogo Infante.', NULL);
INSERT INTO card_set_white_card VALUES (1000000, 1000204);
INSERT INTO white_cards VALUES (1000205, 'Mafalsa.', NULL);
INSERT INTO card_set_white_card VALUES (1000000, 1000205);
INSERT INTO white_cards VALUES (1000206, '#Guidafest.', NULL);
INSERT INTO card_set_white_card VALUES (1000000, 1000206);
INSERT INTO white_cards VALUES (1000207, 'Tirar uma fotografia ao ecrã do computador em vez de carregar no Print Screen.', NULL);
INSERT INTO card_set_white_card VALUES (1000000, 1000207);
INSERT INTO white_cards VALUES (1000208, 'Um Salazar em cada esquina.', NULL);
INSERT INTO card_set_white_card VALUES (1000000, 1000208);
INSERT INTO white_cards VALUES (1000209, 'Alberto João Jardim.', NULL);
INSERT INTO card_set_white_card VALUES (1000000, 1000209);
INSERT INTO white_cards VALUES (1000210, 'Tarrafal.', NULL);
INSERT INTO card_set_white_card VALUES (1000000, 1000210);
INSERT INTO white_cards VALUES (1000211, 'Petazetas no cu.', NULL);
INSERT INTO card_set_white_card VALUES (1000000, 1000211);
INSERT INTO white_cards VALUES (1000212, 'Centro Comercial Babilónia.', NULL);
INSERT INTO card_set_white_card VALUES (1000000, 1000212);
INSERT INTO white_cards VALUES (1000213, 'Cova da Moura.', NULL);
INSERT INTO card_set_white_card VALUES (1000000, 1000213);
INSERT INTO white_cards VALUES (1000214, 'Zona J.', NULL);
INSERT INTO card_set_white_card VALUES (1000000, 1000214);
INSERT INTO white_cards VALUES (1000215, 'Meets no Vasco da Gama.', NULL);
INSERT INTO card_set_white_card VALUES (1000000, 1000215);
INSERT INTO white_cards VALUES (1000216, 'Os peidos do Artur.', NULL);
INSERT INTO card_set_white_card VALUES (1000000, 1000216);
INSERT INTO white_cards VALUES (1000217, 'Usar um anão como dildo.', NULL);
INSERT INTO card_set_white_card VALUES (1000000, 1000217);
INSERT INTO white_cards VALUES (1000218, 'WD-40.', NULL);
INSERT INTO card_set_white_card VALUES (1000000, 1000218);
INSERT INTO white_cards VALUES (1000219, 'Duct tape.', NULL);
INSERT INTO card_set_white_card VALUES (1000000, 1000219);
INSERT INTO white_cards VALUES (1000220, 'A nobre arte de esgrima com pénis.', NULL);
INSERT INTO card_set_white_card VALUES (1000000, 1000220);
INSERT INTO white_cards VALUES (1000221, 'Desligar a máquina à avó.', NULL);
INSERT INTO card_set_white_card VALUES (1000000, 1000221);
INSERT INTO white_cards VALUES (1000222, 'O andar do Rui Cruz.', NULL);
INSERT INTO card_set_white_card VALUES (1000000, 1000222);
INSERT INTO white_cards VALUES (1000223, 'Hemorróidas.', NULL);
INSERT INTO card_set_white_card VALUES (1000000, 1000223);
INSERT INTO white_cards VALUES (1000224, 'Cera d''ouvido.', NULL);
INSERT INTO card_set_white_card VALUES (1000000, 1000224);
INSERT INTO white_cards VALUES (1000225, 'Meita.', NULL);
INSERT INTO card_set_white_card VALUES (1000000, 1000225);
INSERT INTO white_cards VALUES (1000226, 'Actos sexuais do Urban Dictionary.', NULL);
INSERT INTO card_set_white_card VALUES (1000000, 1000226);
INSERT INTO white_cards VALUES (1000227, 'Fernando Mendes.', NULL);
INSERT INTO card_set_white_card VALUES (1000000, 1000227);
INSERT INTO white_cards VALUES (1000228, 'ESPECTÁCULO!', NULL);
INSERT INTO card_set_white_card VALUES (1000000, 1000228);
INSERT INTO white_cards VALUES (1000229, 'Trivial.', NULL);
INSERT INTO card_set_white_card VALUES (1000000, 1000229);
INSERT INTO white_cards VALUES (1000230, 'Lavar o meu ânus à pressão.', NULL);
INSERT INTO card_set_white_card VALUES (1000000, 1000230);
INSERT INTO white_cards VALUES (1000231, 'Cócegas no umbigo, por dentro.', NULL);
INSERT INTO card_set_white_card VALUES (1000000, 1000231);
INSERT INTO white_cards VALUES (1000232, 'Anne Frank.', NULL);
INSERT INTO card_set_white_card VALUES (1000000, 1000232);
INSERT INTO white_cards VALUES (1000233, 'Orgia com José Castelo Branco e três pretos.', NULL);
INSERT INTO card_set_white_card VALUES (1000000, 1000233);
INSERT INTO white_cards VALUES (1000234, 'Bebé de Chernobyl.', NULL);
INSERT INTO card_set_white_card VALUES (1000000, 1000234);
INSERT INTO white_cards VALUES (1000235, 'Os mamilos de pedra da Jennifer Aniston em cada episódio de Friends.', NULL);
INSERT INTO card_set_white_card VALUES (1000000, 1000235);
INSERT INTO white_cards VALUES (1000236, 'Snifar coca.', NULL);
INSERT INTO card_set_white_card VALUES (1000000, 1000236);
INSERT INTO white_cards VALUES (1000237, 'Pintelho entalado nos dentes.', NULL);
INSERT INTO card_set_white_card VALUES (1000000, 1000237);
INSERT INTO white_cards VALUES (1000238, 'Os pés peludos do Frodo.', NULL);
INSERT INTO card_set_white_card VALUES (1000000, 1000238);
INSERT INTO white_cards VALUES (1000239, 'Sneaky little hobbitses.', NULL);
INSERT INTO card_set_white_card VALUES (1000000, 1000239);
INSERT INTO white_cards VALUES (1000240, 'Fissuras anais.', NULL);
INSERT INTO card_set_white_card VALUES (1000000, 1000240);
INSERT INTO white_cards VALUES (1000241, 'Micose.', NULL);
INSERT INTO card_set_white_card VALUES (1000000, 1000241);
INSERT INTO white_cards VALUES (1000242, 'Pénis invertido.', NULL);
INSERT INTO card_set_white_card VALUES (1000000, 1000242);
INSERT INTO white_cards VALUES (1000243, 'Catinga.', NULL);
INSERT INTO card_set_white_card VALUES (1000000, 1000243);
INSERT INTO white_cards VALUES (1000244, 'Uma garrafa de vodka e comprimidos para dormir.', NULL);
INSERT INTO card_set_white_card VALUES (1000000, 1000244);
INSERT INTO white_cards VALUES (1000245, 'Allāhu Akbar.', NULL);
INSERT INTO card_set_white_card VALUES (1000000, 1000245);
INSERT INTO white_cards VALUES (1000246, 'O @Razzo a falar mal de um produto que não é da Apple.', NULL);
INSERT INTO card_set_white_card VALUES (1000000, 1000246);
INSERT INTO white_cards VALUES (1000247, 'Zé Cabra.', NULL);
INSERT INTO card_set_white_card VALUES (1000000, 1000247);
INSERT INTO white_cards VALUES (1000248, 'Tony Carreira.', NULL);
INSERT INTO card_set_white_card VALUES (1000000, 1000248);
INSERT INTO white_cards VALUES (1000249, 'Sr. Professor.', NULL);
INSERT INTO card_set_white_card VALUES (1000000, 1000249);
INSERT INTO white_cards VALUES (1000250, 'As tetas da Melisandre.', NULL);
INSERT INTO card_set_white_card VALUES (1000000, 1000250);
INSERT INTO white_cards VALUES (1000251, 'A centopeia humana.', NULL);
INSERT INTO card_set_white_card VALUES (1000000, 1000251);
INSERT INTO white_cards VALUES (1000252, 'Black Science Man.', NULL);
INSERT INTO card_set_white_card VALUES (1000000, 1000252);
INSERT INTO white_cards VALUES (1000253, 'Shart Week.', NULL);
INSERT INTO card_set_white_card VALUES (1000000, 1000253);
INSERT INTO white_cards VALUES (1000254, 'Half-Life 3.', NULL);
INSERT INTO card_set_white_card VALUES (1000000, 1000254);
INSERT INTO white_cards VALUES (1000255, 'Gaben.', NULL);
INSERT INTO card_set_white_card VALUES (1000000, 1000255);
INSERT INTO white_cards VALUES (1000256, 'Legionébola.', NULL);
INSERT INTO card_set_white_card VALUES (1000000, 1000256);
INSERT INTO white_cards VALUES (1000257, 'Uma prostituta velha sem dentes.', NULL);
INSERT INTO card_set_white_card VALUES (1000000, 1000257);
INSERT INTO white_cards VALUES (1000258, 'A Sónia badalhoca da contabilidade.', NULL);
INSERT INTO card_set_white_card VALUES (1000000, 1000258);
INSERT INTO white_cards VALUES (1000259, 'O caralhinho.', NULL);
INSERT INTO card_set_white_card VALUES (1000000, 1000259);
INSERT INTO white_cards VALUES (1000260, 'Bôda, o caralho que te foda.', NULL);
INSERT INTO card_set_white_card VALUES (1000000, 1000260);
INSERT INTO white_cards VALUES (1000261, 'O Terceiro Reich.', NULL);
INSERT INTO card_set_white_card VALUES (1000000, 1000261);
INSERT INTO white_cards VALUES (1000262, 'Um cameltoe.', NULL);
INSERT INTO card_set_white_card VALUES (1000000, 1000262);
INSERT INTO white_cards VALUES (1000263, 'Quim Barreiros.', NULL);
INSERT INTO card_set_white_card VALUES (1000000, 1000263);
INSERT INTO white_cards VALUES (1000264, 'Rosinha.', NULL);
INSERT INTO card_set_white_card VALUES (1000000, 1000264);
INSERT INTO white_cards VALUES (1000265, 'Arroz doce.', NULL);
INSERT INTO card_set_white_card VALUES (1000000, 1000265);
INSERT INTO white_cards VALUES (1000266, 'Salame de chocolate.', NULL);
INSERT INTO card_set_white_card VALUES (1000000, 1000266);
INSERT INTO white_cards VALUES (1000267, 'O Pirata Russo.', NULL);
INSERT INTO card_set_white_card VALUES (1000000, 1000267);
INSERT INTO white_cards VALUES (1000268, 'Dickcopter.', NULL);
INSERT INTO card_set_white_card VALUES (1000000, 1000268);
INSERT INTO white_cards VALUES (1000269, 'Os assustadores barulhos sexuais de surdos.', NULL);
INSERT INTO card_set_white_card VALUES (1000000, 1000269);
INSERT INTO white_cards VALUES (1000270, 'Ter uma erecção durante uma revista das cavidades.', NULL);
INSERT INTO card_set_white_card VALUES (1000000, 1000270);
INSERT INTO white_cards VALUES (1000271, 'Pudim de ovos.', NULL);
INSERT INTO card_set_white_card VALUES (1000000, 1000271);
INSERT INTO white_cards VALUES (1000272, 'Mousse de chocolate.', NULL);
INSERT INTO card_set_white_card VALUES (1000000, 1000272);
INSERT INTO white_cards VALUES (1000273, 'Bolo de chocolate.', NULL);
INSERT INTO card_set_white_card VALUES (1000000, 1000273);
INSERT INTO white_cards VALUES (1000274, 'Toucinho do céu.', NULL);
INSERT INTO card_set_white_card VALUES (1000000, 1000274);
INSERT INTO white_cards VALUES (1000275, 'Tarte de maçã.', NULL);
INSERT INTO card_set_white_card VALUES (1000000, 1000275);
INSERT INTO white_cards VALUES (1000276, 'Baba de Camelo.', NULL);
INSERT INTO card_set_white_card VALUES (1000000, 1000276);
INSERT INTO white_cards VALUES (1000277, 'Pudim cor-de-rosa.', NULL);
INSERT INTO card_set_white_card VALUES (1000000, 1000277);
INSERT INTO white_cards VALUES (1000278, 'Ben Heck.', NULL);
INSERT INTO card_set_white_card VALUES (1000000, 1000278);
INSERT INTO white_cards VALUES (1000279, 'Os pais fundadores.', NULL);
INSERT INTO card_set_white_card VALUES (1000000, 1000279);
INSERT INTO white_cards VALUES (1000280, 'Colinho.', NULL);
INSERT INTO card_set_white_card VALUES (1000000, 1000280);
INSERT INTO white_cards VALUES (1000281, 'Takei.', NULL);
INSERT INTO card_set_white_card VALUES (1000000, 1000281);
INSERT INTO white_cards VALUES (1000282, 'Uma grande piça.', NULL);
INSERT INTO card_set_white_card VALUES (1000000, 1000282);
INSERT INTO white_cards VALUES (1000283, 'O Risitas.', NULL);
INSERT INTO card_set_white_card VALUES (1000000, 1000283);
INSERT INTO white_cards VALUES (1000284, 'Malato num jacuzzi.', NULL);
INSERT INTO card_set_white_card VALUES (1000000, 1000284);
INSERT INTO white_cards VALUES (1000285, 'O barulho que o computador do Cristiano faz.', NULL);
INSERT INTO card_set_white_card VALUES (1000000, 1000285);
INSERT INTO white_cards VALUES (1000286, 'Peido com molho durante o 69.', NULL);
INSERT INTO card_set_white_card VALUES (1000000, 1000286);
INSERT INTO white_cards VALUES (1000287, 'Camilo de Oliveira.', NULL);
INSERT INTO card_set_white_card VALUES (1000000, 1000287);
INSERT INTO white_cards VALUES (1000288, 'Carlos Paião a arranhar o caixão.', NULL);
INSERT INTO card_set_white_card VALUES (1000000, 1000288);
INSERT INTO white_cards VALUES (1000289, 'Miklos Fehér.', NULL);
INSERT INTO card_set_white_card VALUES (1000000, 1000289);
INSERT INTO white_cards VALUES (1000290, 'O buraco onde o olho do Camões deveria estar.', NULL);
INSERT INTO card_set_white_card VALUES (1000000, 1000290);
INSERT INTO white_cards VALUES (1000291, 'A bicha do demónio.', NULL);
INSERT INTO card_set_white_card VALUES (1000000, 1000291);
INSERT INTO white_cards VALUES (1000292, 'Angélico Vieira.', NULL);
INSERT INTO card_set_white_card VALUES (1000000, 1000292);
INSERT INTO white_cards VALUES (1000293, 'Francisco Adam.', NULL);
INSERT INTO card_set_white_card VALUES (1000000, 1000293);
INSERT INTO white_cards VALUES (1000294, 'Chuck Norris.', NULL);
INSERT INTO card_set_white_card VALUES (1000000, 1000294);
INSERT INTO white_cards VALUES (1000295, 'Afterbirth.', NULL);
INSERT INTO card_set_white_card VALUES (1000000, 1000295);
INSERT INTO white_cards VALUES (1000296, 'Mini-caixotinho.', NULL);
INSERT INTO card_set_white_card VALUES (1000000, 1000296);
INSERT INTO white_cards VALUES (1000297, 'Joe Berardo.', NULL);
INSERT INTO card_set_white_card VALUES (1000000, 1000297);
INSERT INTO white_cards VALUES (1000298, 'Portugueses das anedotas.', NULL);
INSERT INTO card_set_white_card VALUES (1000000, 1000298);
INSERT INTO white_cards VALUES (1000299, 'O mangalho do Nélson Évora.', NULL);
INSERT INTO card_set_white_card VALUES (1000000, 1000299);
INSERT INTO white_cards VALUES (1000300, 'Ficar de pau feito.', NULL);
INSERT INTO card_set_white_card VALUES (1000000, 1000300);
INSERT INTO white_cards VALUES (1000301, 'Falir um país.', NULL);
INSERT INTO card_set_white_card VALUES (1000000, 1000301);
INSERT INTO white_cards VALUES (1000302, 'Vídeos caseiros do casal Cavaco Silva.', NULL);
INSERT INTO card_set_white_card VALUES (1000000, 1000302);
INSERT INTO white_cards VALUES (1000303, 'Lamber as costas a um sapo e apanhar uma grande moca.', NULL);
INSERT INTO card_set_white_card VALUES (1000000, 1000303);
INSERT INTO white_cards VALUES (1000304, 'Cortar as unhas dos pés ao Guilherme Leite.', NULL);
INSERT INTO card_set_white_card VALUES (1000000, 1000304);
INSERT INTO white_cards VALUES (1000305, 'Enfiar a pila no tubo do aspirador.', NULL);
INSERT INTO card_set_white_card VALUES (1000000, 1000305);
INSERT INTO white_cards VALUES (1000306, 'Empurrar o cocó para dentro.', NULL);
INSERT INTO card_set_white_card VALUES (1000000, 1000306);
INSERT INTO white_cards VALUES (1000307, 'Bofa di mama.', NULL);
INSERT INTO card_set_white_card VALUES (1000000, 1000307);
INSERT INTO white_cards VALUES (1000308, 'João Baião.', NULL);
INSERT INTO card_set_white_card VALUES (1000000, 1000308);
INSERT INTO white_cards VALUES (1000309, 'Lamber carpetes.', NULL);
INSERT INTO card_set_white_card VALUES (1000000, 1000309);
INSERT INTO white_cards VALUES (1000310, 'Limpar o cu com lixa.', NULL);
INSERT INTO card_set_white_card VALUES (1000000, 1000310);
INSERT INTO white_cards VALUES (1000311, 'Indianos no Facebook.', NULL);
INSERT INTO card_set_white_card VALUES (1000000, 1000311);
INSERT INTO white_cards VALUES (1000312, 'AZUCAR!', NULL);
INSERT INTO card_set_white_card VALUES (1000000, 1000312);
INSERT INTO white_cards VALUES (1000313, 'Espirrar enquanto se está a evacuar.', NULL);
INSERT INTO card_set_white_card VALUES (1000000, 1000313);
INSERT INTO white_cards VALUES (1000314, 'Uma piça para os haters.', NULL);
INSERT INTO card_set_white_card VALUES (1000000, 1000314);
INSERT INTO white_cards VALUES (1000315, 'Peidinhos de cona.', NULL);
INSERT INTO card_set_white_card VALUES (1000000, 1000315);
INSERT INTO white_cards VALUES (1000316, 'Pachachinha de uma senhora com lepra.', NULL);
INSERT INTO card_set_white_card VALUES (1000000, 1000316);
INSERT INTO white_cards VALUES (1000317, 'Candidiase vaginal.', NULL);
INSERT INTO card_set_white_card VALUES (1000000, 1000317);
INSERT INTO white_cards VALUES (1000318, 'Dafundo.', NULL);
INSERT INTO card_set_white_card VALUES (1000000, 1000318);
INSERT INTO white_cards VALUES (1000319, 'Pus do coto da maneta.', NULL);
INSERT INTO card_set_white_card VALUES (1000000, 1000319);
INSERT INTO white_cards VALUES (1000320, 'Caralhos assim bem grossinhos.', NULL);
INSERT INTO card_set_white_card VALUES (1000000, 1000320);
INSERT INTO white_cards VALUES (1000321, 'Ana Malhoa turbinada.', NULL);
INSERT INTO card_set_white_card VALUES (1000000, 1000321);
INSERT INTO white_cards VALUES (1000322, 'Chupar no coto da Maneta enquanto o Anão com estudos lhe metia um prémio da UTL no cu.', NULL);
INSERT INTO card_set_white_card VALUES (1000000, 1000322);
INSERT INTO white_cards VALUES (1000323, 'Um caralho das Caldas.', NULL);
INSERT INTO card_set_white_card VALUES (1000000, 1000323);
INSERT INTO white_cards VALUES (1000324, 'Heinrich Himmler.', NULL);
INSERT INTO card_set_white_card VALUES (1000000, 1000324);
INSERT INTO white_cards VALUES (1000325, 'Fernando Mendes e Malato em actos sexuais.', NULL);
INSERT INTO card_set_white_card VALUES (1000000, 1000325);
INSERT INTO white_cards VALUES (1000326, 'Duas mãos lá dentro a bater palmas.', NULL);
INSERT INTO card_set_white_card VALUES (1000000, 1000326);
INSERT INTO white_cards VALUES (1000327, 'Chupar no grelo em dia de jogo do Benfica em casa.', NULL);
INSERT INTO card_set_white_card VALUES (1000000, 1000327);
INSERT INTO white_cards VALUES (1000328, 'Workshops de gás butano com a Sónia Brazão.', NULL);
INSERT INTO card_set_white_card VALUES (1000000, 1000328);
INSERT INTO white_cards VALUES (1000329, 'Os teus pais numa orgia com o Castelo Branco no quarto ao lado.', NULL);
INSERT INTO card_set_white_card VALUES (1000000, 1000329);
INSERT INTO white_cards VALUES (1000330, 'Dois dedos no cu de surpresa.', NULL);
INSERT INTO card_set_white_card VALUES (1000000, 1000330);
INSERT INTO white_cards VALUES (1000331, 'Masturbação com cotos.', NULL);
INSERT INTO card_set_white_card VALUES (1000000, 1000331);
INSERT INTO white_cards VALUES (1000332, 'Orfãos cegos sem pernas.', NULL);
INSERT INTO card_set_white_card VALUES (1000000, 1000332);
INSERT INTO white_cards VALUES (1000333, 'Os judeus que sobreviveram a Auschwitz.', NULL);
INSERT INTO card_set_white_card VALUES (1000000, 1000333);
INSERT INTO white_cards VALUES (1000334, 'Quadros.', NULL);
INSERT INTO card_set_white_card VALUES (1000000, 1000334);
INSERT INTO white_cards VALUES (1000335, 'Paulo Querido.', NULL);
INSERT INTO card_set_white_card VALUES (1000000, 1000335);
INSERT INTO white_cards VALUES (1000336, 'O pénis de um leproso.', NULL);
INSERT INTO card_set_white_card VALUES (1000000, 1000336);
INSERT INTO white_cards VALUES (1000337, 'Cocegas no reto.', NULL);
INSERT INTO card_set_white_card VALUES (1000000, 1000337);
INSERT INTO white_cards VALUES (1000338, 'Um escarro verde.', NULL);
INSERT INTO card_set_white_card VALUES (1000000, 1000338);
INSERT INTO white_cards VALUES (1000339, 'Montar a tenda no dentista.', NULL);
INSERT INTO card_set_white_card VALUES (1000000, 1000339);
